"../../../Engine/Plugins/2D/Paper2D/Content/PlaceholderTextures/DummySpriteTexture.ubulk" 0
"../../../Engine/Plugins/2D/Paper2D/Content/PlaceholderTextures/DummySpriteTexture.uasset" 1
"../../../Engine/Plugins/2D/Paper2D/Content/PlaceholderTextures/DummySpriteTexture.uexp" 2
"../../../Engine/Plugins/2D/Paper2D/Content/DummySprite.uasset" 3
"../../../Engine/Plugins/2D/Paper2D/Content/DummySprite.uexp" 4
"../../../Engine/Plugins/2D/Paper2D/Content/DefaultPaperTerrainMaterial.uasset" 5
"../../../Engine/Plugins/2D/Paper2D/Content/DefaultPaperTerrainMaterial.uexp" 6
"../../../Engine/Plugins/Animation/ACLPlugin/Content/ACLAnimBoneCompressionSettings.uasset" 7
"../../../Engine/Plugins/Animation/ACLPlugin/Content/ACLAnimBoneCompressionSettings.uexp" 8
"../../../Engine/Content/EngineFonts/Faces/DroidSansFallback.uexp" 9
"../../../Engine/Content/EngineFonts/Faces/DroidSansFallback.uasset" 10
"../../../Engine/Content/EngineFonts/Faces/DroidSansFallback.ufont" 11
"../../../Engine/Content/EngineFonts/Faces/RobotoBold.uexp" 12
"../../../Engine/Content/EngineFonts/Faces/RobotoBold.uasset" 13
"../../../Engine/Content/EngineFonts/Faces/RobotoBold.ufont" 14
"../../../Engine/Content/EngineFonts/Faces/RobotoBoldItalic.uexp" 15
"../../../Engine/Content/EngineFonts/Faces/RobotoBoldItalic.uasset" 16
"../../../Engine/Content/EngineFonts/Faces/RobotoBoldItalic.ufont" 17
"../../../Engine/Content/EngineFonts/Faces/RobotoItalic.uexp" 18
"../../../Engine/Content/EngineFonts/Faces/RobotoItalic.uasset" 19
"../../../Engine/Content/EngineFonts/Faces/RobotoItalic.ufont" 20
"../../../Engine/Content/EngineFonts/Faces/RobotoLight.uexp" 21
"../../../Engine/Content/EngineFonts/Faces/RobotoLight.uasset" 22
"../../../Engine/Content/EngineFonts/Faces/RobotoLight.ufont" 23
"../../../Engine/Content/EngineFonts/Faces/RobotoRegular.uexp" 24
"../../../Engine/Content/EngineFonts/Faces/RobotoRegular.uasset" 25
"../../../Engine/Content/EngineFonts/Faces/RobotoRegular.ufont" 26
"../../../Engine/Content/EngineFonts/Roboto.uasset" 27
"../../../Engine/Content/EngineFonts/Roboto.uexp" 28
"../../../Engine/Content/EngineMaterials/DefaultDestructiblePhysicalMaterial.uasset" 29
"../../../Engine/Content/EngineMaterials/DefaultDestructiblePhysicalMaterial.uexp" 30
"../../../Engine/Content/EngineMaterials/DefaultPhysicalMaterial.uasset" 31
"../../../Engine/Content/EngineMaterials/DefaultPhysicalMaterial.uexp" 32
"../../../Engine/Plugins/Animation/ControlRig/Content/Controls/DefaultGizmoLibraryNormalized.uasset" 33
"../../../Engine/Plugins/Animation/ControlRig/Content/Controls/DefaultGizmoLibraryNormalized.uexp" 34
"../../../Engine/Plugins/Interchange/Runtime/Content/Pipelines/DefaultAssetsPipeline.uasset" 35
"../../../Engine/Plugins/Interchange/Runtime/Content/Pipelines/DefaultAssetsPipeline.uexp" 36
"../../../Engine/Plugins/Interchange/Runtime/Content/Pipelines/DefaultAudioPipeline.uasset" 37
"../../../Engine/Plugins/Interchange/Runtime/Content/Pipelines/DefaultAudioPipeline.uexp" 38
"../../../Engine/Plugins/Interchange/Runtime/Content/Pipelines/DefaultGLTFAssetsPipeline.uasset" 39
"../../../Engine/Plugins/Interchange/Runtime/Content/Pipelines/DefaultGLTFAssetsPipeline.uexp" 40
"../../../Engine/Plugins/Interchange/Runtime/Content/Pipelines/DefaultGLTFPipeline.uasset" 41
"../../../Engine/Plugins/Interchange/Runtime/Content/Pipelines/DefaultGLTFPipeline.uexp" 42
"../../../Engine/Plugins/Interchange/Runtime/Content/Pipelines/DefaultGLTFSceneAssetsPipeline.uasset" 43
"../../../Engine/Plugins/Interchange/Runtime/Content/Pipelines/DefaultGLTFSceneAssetsPipeline.uexp" 44
"../../../Engine/Plugins/Interchange/Runtime/Content/Pipelines/DefaultMaterialPipeline.uasset" 45
"../../../Engine/Plugins/Interchange/Runtime/Content/Pipelines/DefaultMaterialPipeline.uexp" 46
"../../../Engine/Plugins/Interchange/Runtime/Content/Pipelines/DefaultMaterialXPipeline.uasset" 47
"../../../Engine/Plugins/Interchange/Runtime/Content/Pipelines/DefaultMaterialXPipeline.uexp" 48
"../../../Engine/Plugins/Interchange/Runtime/Content/Pipelines/DefaultSceneAssetsPipeline.uasset" 49
"../../../Engine/Plugins/Interchange/Runtime/Content/Pipelines/DefaultSceneAssetsPipeline.uexp" 50
"../../../Engine/Plugins/Interchange/Runtime/Content/Pipelines/DefaultSceneLevelPipeline.uasset" 51
"../../../Engine/Plugins/Interchange/Runtime/Content/Pipelines/DefaultSceneLevelPipeline.uexp" 52
"../../../Engine/Plugins/Interchange/Runtime/Content/Pipelines/DefaultTexturePipeline.uasset" 53
"../../../Engine/Plugins/Interchange/Runtime/Content/Pipelines/DefaultTexturePipeline.uexp" 54
"../../../Engine/Plugins/2D/Paper2D/Content/DefaultSpriteMaterial.uasset" 55
"../../../Engine/Plugins/2D/Paper2D/Content/DefaultSpriteMaterial.uexp" 56
"../../../Engine/Plugins/2D/Paper2D/Content/MaskedUnlitSpriteMaterial.uasset" 57
"../../../Engine/Plugins/2D/Paper2D/Content/MaskedUnlitSpriteMaterial.uexp" 58
"../../../Engine/Plugins/2D/Paper2D/Content/OpaqueUnlitSpriteMaterial.uasset" 59
"../../../Engine/Plugins/2D/Paper2D/Content/OpaqueUnlitSpriteMaterial.uexp" 60
"../../../Engine/Content/Functions/Engine_MaterialFunctions02/WorldPositionOffset/CameraOffset.uasset" 61
"../../../Engine/Content/Functions/Engine_MaterialFunctions02/WorldPositionOffset/CameraOffset.uexp" 62
"../../../Engine/Plugins/Animation/ControlRig/Content/M_Manip.uasset" 63
"../../../Engine/Plugins/Animation/ControlRig/Content/M_Manip.uexp" 64
"../../../Engine/Content/EngineMaterials/T_Default_Material_Grid_M.ubulk" 65
"../../../Engine/Content/EngineMaterials/T_Default_Material_Grid_M.uasset" 66
"../../../Engine/Content/EngineMaterials/T_Default_Material_Grid_M.uexp" 67
"../../../Engine/Content/EngineMaterials/T_Default_Material_Grid_N.ubulk" 68
"../../../Engine/Content/EngineMaterials/T_Default_Material_Grid_N.uasset" 69
"../../../Engine/Content/EngineMaterials/T_Default_Material_Grid_N.uexp" 70
"../../../Engine/Content/Functions/Engine_MaterialFunctions01/Opacity/CameraDepthFade.uasset" 71
"../../../Engine/Content/Functions/Engine_MaterialFunctions01/Opacity/CameraDepthFade.uexp" 72
"../../../Engine/Content/EngineMaterials/WorldGridMaterial.uasset" 73
"../../../Engine/Content/EngineMaterials/WorldGridMaterial.uexp" 74
"../../../Engine/Plugins/Media/MediaPlate/Content/SM_MediaPlateScreen.ubulk" 75
"../../../Engine/Plugins/Media/MediaPlate/Content/SM_MediaPlateScreen.uasset" 76
"../../../Engine/Plugins/Media/MediaPlate/Content/SM_MediaPlateScreen.uexp" 77
"../../../Engine/Plugins/NNE/NNEDenoiser/Content/NNEDIM_ColorAlbedoNormal_Alpha.uasset" 78
"../../../Engine/Plugins/NNE/NNEDenoiser/Content/NNEDIM_ColorAlbedoNormal_Alpha.uexp" 79
"../../../Engine/Plugins/NNE/NNEDenoiser/Content/NNEDIM_ColorAlbedoNormal_Default.uasset" 80
"../../../Engine/Plugins/NNE/NNEDenoiser/Content/NNEDIM_ColorAlbedoNormal_Default.uexp" 81
"../../../Engine/Plugins/NNE/NNEDenoiser/Content/NNEDIM_HighQuality_Alpha.uasset" 82
"../../../Engine/Plugins/NNE/NNEDenoiser/Content/NNEDIM_HighQuality_Alpha.uexp" 83
"../../../Engine/Plugins/NNE/NNEDenoiser/Content/NNEDIM_HighQuality_Default.uasset" 84
"../../../Engine/Plugins/NNE/NNEDenoiser/Content/NNEDIM_HighQuality_Default.uexp" 85
"../../../Engine/Plugins/NNE/NNEDenoiser/Content/NNEDOM_Output_Alpha.uasset" 86
"../../../Engine/Plugins/NNE/NNEDenoiser/Content/NNEDOM_Output_Alpha.uexp" 87
"../../../Engine/Plugins/NNE/NNEDenoiser/Content/NNEDOM_Output_Default.uasset" 88
"../../../Engine/Plugins/NNE/NNEDenoiser/Content/NNEDOM_Output_Default.uexp" 89
"../../../Engine/Plugins/NNE/NNEDenoiser/Content/NNEDTIM_ColorAlbedoNormal_Alpha.uasset" 90
"../../../Engine/Plugins/NNE/NNEDenoiser/Content/NNEDTIM_ColorAlbedoNormal_Alpha.uexp" 91
"../../../Engine/Plugins/NNE/NNEDenoiser/Content/NNEDTIM_ColorAlbedoNormal_Default.uasset" 92
"../../../Engine/Plugins/NNE/NNEDenoiser/Content/NNEDTIM_ColorAlbedoNormal_Default.uexp" 93
"../../../Engine/Plugins/NNE/NNEDenoiser/Content/NNEDTOM_Output_Alpha.uasset" 94
"../../../Engine/Plugins/NNE/NNEDenoiser/Content/NNEDTOM_Output_Alpha.uexp" 95
"../../../Engine/Plugins/NNE/NNEDenoiser/Content/NNEDTOM_Output_Default.uasset" 96
"../../../Engine/Plugins/NNE/NNEDenoiser/Content/NNEDTOM_Output_Default.uexp" 97
"../../../Engine/Plugins/NNE/NNEDenoiser/Content/NNEDT_Oidn2-3_Balanced.uasset" 98
"../../../Engine/Plugins/NNE/NNEDenoiser/Content/NNEDT_Oidn2-3_Balanced.uexp" 99
"../../../Engine/Plugins/NNE/NNEDenoiser/Content/NNEDT_Oidn2-3_Balanced_Alpha.uasset" 100
"../../../Engine/Plugins/NNE/NNEDenoiser/Content/NNEDT_Oidn2-3_Balanced_Alpha.uexp" 101
"../../../Engine/Plugins/NNE/NNEDenoiser/Content/NNED_Oidn2-3_Balanced.uasset" 102
"../../../Engine/Plugins/NNE/NNEDenoiser/Content/NNED_Oidn2-3_Balanced.uexp" 103
"../../../Engine/Plugins/NNE/NNEDenoiser/Content/NNED_Oidn2-3_Balanced_Alpha.uasset" 104
"../../../Engine/Plugins/NNE/NNEDenoiser/Content/NNED_Oidn2-3_Balanced_Alpha.uexp" 105
"../../../Engine/Plugins/NNE/NNEDenoiser/Content/NNED_Oidn2-3_Fast.uasset" 106
"../../../Engine/Plugins/NNE/NNEDenoiser/Content/NNED_Oidn2-3_Fast.uexp" 107
"../../../Engine/Plugins/NNE/NNEDenoiser/Content/NNED_Oidn2-3_Fast_Alpha.uasset" 108
"../../../Engine/Plugins/NNE/NNEDenoiser/Content/NNED_Oidn2-3_Fast_Alpha.uexp" 109
"../../../Engine/Plugins/NNE/NNEDenoiser/Content/NNED_Oidn2-3_HighQuality.uasset" 110
"../../../Engine/Plugins/NNE/NNEDenoiser/Content/NNED_Oidn2-3_HighQuality.uexp" 111
"../../../Engine/Plugins/NNE/NNEDenoiser/Content/NNED_Oidn2-3_HighQuality_Alpha.uasset" 112
"../../../Engine/Plugins/NNE/NNEDenoiser/Content/NNED_Oidn2-3_HighQuality_Alpha.uexp" 113
"../../../Engine/Plugins/NNE/NNEDenoiser/Content/NNE_oidn2-3-0_rt_hdr_alb_nrm_small__dyn__fp16_opset11_DenoiseAlpha.uasset" 114
"../../../Engine/Plugins/NNE/NNEDenoiser/Content/NNE_oidn2-3-0_rt_hdr_alb_nrm_small__dyn__fp16_opset11_DenoiseAlpha.uexp" 115
"../../../Engine/Plugins/NNE/NNEDenoiser/Content/NNE_oidn2-3-0_rt_hdr_alb_nrm_small__dyn__fp16_opset11_ForwardAlpha.uasset" 116
"../../../Engine/Plugins/NNE/NNEDenoiser/Content/NNE_oidn2-3-0_rt_hdr_alb_nrm_small__dyn__fp16_opset11_ForwardAlpha.uexp" 117
"../../../Engine/Plugins/NNE/NNEDenoiser/Content/NNE_oidn2-3-0_rt_hdr_alb_nrm__dyn__fp16_opset11_DenoiseAlpha.uasset" 118
"../../../Engine/Plugins/NNE/NNEDenoiser/Content/NNE_oidn2-3-0_rt_hdr_alb_nrm__dyn__fp16_opset11_DenoiseAlpha.uexp" 119
"../../../Engine/Plugins/NNE/NNEDenoiser/Content/NNE_oidn2-3-0_rt_hdr_alb_nrm__dyn__fp16_opset11_ForwardAlpha.uasset" 120
"../../../Engine/Plugins/NNE/NNEDenoiser/Content/NNE_oidn2-3-0_rt_hdr_alb_nrm__dyn__fp16_opset11_ForwardAlpha.uexp" 121
"../../../Engine/Plugins/NNE/NNEDenoiser/Content/NNE_oidn2-3-0_rt_hdr_calb_cnrm_large__dyn__fp16_opset11_DenoiseAlpha.uasset" 122
"../../../Engine/Plugins/NNE/NNEDenoiser/Content/NNE_oidn2-3-0_rt_hdr_calb_cnrm_large__dyn__fp16_opset11_DenoiseAlpha.uexp" 123
"../../../Engine/Plugins/NNE/NNEDenoiser/Content/NNE_oidn2-3-0_rt_hdr_calb_cnrm_large__dyn__fp16_opset11_ForwardAlpha.uasset" 124
"../../../Engine/Plugins/NNE/NNEDenoiser/Content/NNE_oidn2-3-0_rt_hdr_calb_cnrm_large__dyn__fp16_opset11_ForwardAlpha.uexp" 125
"../../../Engine/Content/EditorLandscapeResources/DefaultAlphaTexture.uasset" 126
"../../../Engine/Content/EditorLandscapeResources/DefaultAlphaTexture.uexp" 127
"../../../Engine/Content/EditorLandscapeResources/ColorMaskBrushMaterial.uasset" 128
"../../../Engine/Content/EditorLandscapeResources/ColorMaskBrushMaterial.uexp" 129
"../../../Engine/Content/EditorLandscapeResources/ColorMaskBrushMaterial_MaskedRegion.uasset" 130
"../../../Engine/Content/EditorLandscapeResources/ColorMaskBrushMaterial_MaskedRegion.uexp" 131
"../../../Engine/Content/Functions/Engine_MaterialFunctions02/Utility/BreakOutFloat2Components.uasset" 132
"../../../Engine/Content/Functions/Engine_MaterialFunctions02/Utility/BreakOutFloat2Components.uexp" 133
"../../../Engine/Content/EngineMaterials/DefaultDiffuse.ubulk" 134
"../../../Engine/Content/EngineMaterials/DefaultDiffuse.uasset" 135
"../../../Engine/Content/EngineMaterials/DefaultDiffuse.uexp" 136
"../../../Engine/Content/EngineMaterials/DefaultPostProcessMaterial.uasset" 137
"../../../Engine/Content/EngineMaterials/DefaultPostProcessMaterial.uexp" 138
"../../../Engine/Content/EngineMaterials/DefaultMaterial.uasset" 139
"../../../Engine/Content/EngineMaterials/DefaultMaterial.uexp" 140
"../../../Engine/Content/BasicShapes/Cone.ubulk" 141
"../../../Engine/Content/BasicShapes/Cone.uasset" 142
"../../../Engine/Content/BasicShapes/Cone.uexp" 143
"../../../Engine/Content/EngineFonts/RobotoDistanceField.uasset" 144
"../../../Engine/Content/EngineFonts/RobotoDistanceField.uexp" 145
"../../../Engine/Content/EngineMaterials/DefaultTextMaterialOpaque.uasset" 146
"../../../Engine/Content/EngineMaterials/DefaultTextMaterialOpaque.uexp" 147
"../../../Engine/Content/EditorResources/S_Solver.ubulk" 148
"../../../Engine/Content/EditorResources/S_Solver.uasset" 149
"../../../Engine/Content/EditorResources/S_Solver.uexp" 150
"../../../Engine/Content/EditorLandscapeResources/LandscapeDirtyMaterial.uasset" 151
"../../../Engine/Content/EditorLandscapeResources/LandscapeDirtyMaterial.uexp" 152
"../../../Engine/Content/EngineMaterials/DefaultWhiteGrid.ubulk" 153
"../../../Engine/Content/EngineMaterials/DefaultWhiteGrid.uasset" 154
"../../../Engine/Content/EngineMaterials/DefaultWhiteGrid.uexp" 155
"../../../Engine/Content/EditorResources/S_Terrain.ubulk" 156
"../../../Engine/Content/EditorResources/S_Terrain.uasset" 157
"../../../Engine/Content/EditorResources/S_Terrain.uexp" 158
"../../../Engine/Content/BasicShapes/Cylinder.ubulk" 159
"../../../Engine/Content/BasicShapes/Cylinder.uasset" 160
"../../../Engine/Content/BasicShapes/Cylinder.uexp" 161
"../../../Engine/Content/EditorMaterials/PhAT_NoCollisionMaterial.uasset" 162
"../../../Engine/Content/EditorMaterials/PhAT_NoCollisionMaterial.uexp" 163
"../../../Engine/Content/EngineMaterials/DefaultWhiteGrid_Low.uasset" 164
"../../../Engine/Content/EngineMaterials/DefaultWhiteGrid_Low.uexp" 165
"../../../Engine/Content/EngineMaterials/EmissiveMeshMaterial.uasset" 166
"../../../Engine/Content/EngineMaterials/EmissiveMeshMaterial.uexp" 167
"../../../Engine/Content/EditorMaterials/PhAT_UnselectedMaterial.uasset" 168
"../../../Engine/Content/EditorMaterials/PhAT_UnselectedMaterial.uexp" 169
"../../../Engine/Content/Functions/Engine_MaterialFunctions01/Texturing/TextureCropping.uasset" 170
"../../../Engine/Content/Functions/Engine_MaterialFunctions01/Texturing/TextureCropping.uexp" 171
"../../../Engine/Content/Functions/Engine_MaterialFunctions02/ExampleContent/DebugNumberStrip.uasset" 172
"../../../Engine/Content/Functions/Engine_MaterialFunctions02/ExampleContent/DebugNumberStrip.uexp" 173
"../../../Engine/Content/Functions/Engine_MaterialFunctions01/Debug/DebugIntValues.uasset" 174
"../../../Engine/Content/Functions/Engine_MaterialFunctions01/Debug/DebugIntValues.uexp" 175
"../../../Engine/Content/Functions/Engine_MaterialFunctions01/Texturing/ScaleUVsByCenter.uasset" 176
"../../../Engine/Content/Functions/Engine_MaterialFunctions01/Texturing/ScaleUVsByCenter.uexp" 177
"../../../Engine/Content/Functions/Engine_MaterialFunctions02/WorldPositionOffset/LocalPosition.uasset" 178
"../../../Engine/Content/Functions/Engine_MaterialFunctions02/WorldPositionOffset/LocalPosition.uexp" 179
"../../../Engine/Content/EditorLandscapeResources/LandscapeLayerUsageMaterial.uasset" 180
"../../../Engine/Content/EditorLandscapeResources/LandscapeLayerUsageMaterial.uexp" 181
"../../../Engine/Content/BasicShapes/Sphere.ubulk" 182
"../../../Engine/Content/BasicShapes/Sphere.uasset" 183
"../../../Engine/Content/BasicShapes/Sphere.uexp" 184
"../../../Engine/Content/EditorMaterials/PreviewShadowIndicator.ubulk" 185
"../../../Engine/Content/EditorMaterials/PreviewShadowIndicator.uasset" 186
"../../../Engine/Content/EditorMaterials/PreviewShadowIndicator.uexp" 187
"../../../Engine/Content/EditorMaterials/PreviewShadowIndicatorMaterial.uasset" 188
"../../../Engine/Content/EditorMaterials/PreviewShadowIndicatorMaterial.uexp" 189
"../../../Engine/Content/EngineMaterials/FastBlueNoise_scalar_128x128x64.uasset" 190
"../../../Engine/Content/EngineMaterials/FastBlueNoise_scalar_128x128x64.uexp" 191
"../../../Engine/Content/EditorResources/S_Trigger.ubulk" 192
"../../../Engine/Content/EditorResources/S_Trigger.uasset" 193
"../../../Engine/Content/EditorResources/S_Trigger.uexp" 194
"../../../Engine/Content/EngineMaterials/FastBlueNoise_scalar_128x128x8.uasset" 195
"../../../Engine/Content/EngineMaterials/FastBlueNoise_scalar_128x128x8.uexp" 196
"../../../Engine/Content/EditorResources/S_TriggerBox.uasset" 197
"../../../Engine/Content/EditorResources/S_TriggerBox.uexp" 198
"../../../Engine/Content/EditorLandscapeResources/WhiteSquareTexture.uasset" 199
"../../../Engine/Content/EditorLandscapeResources/WhiteSquareTexture.uexp" 200
"../../../Engine/Content/EditorLandscapeResources/LayerVisMaterial.uasset" 201
"../../../Engine/Content/EditorLandscapeResources/LayerVisMaterial.uexp" 202
"../../../Engine/Content/EditorResources/S_TriggerCapsule.uasset" 203
"../../../Engine/Content/EditorResources/S_TriggerCapsule.uexp" 204
"../../../Engine/Content/EngineMaterials/FastBlueNoise_vec2_128x128x64.uasset" 205
"../../../Engine/Content/EngineMaterials/FastBlueNoise_vec2_128x128x64.uexp" 206
"../../../Engine/Content/Functions/Engine_MaterialFunctions02/Utility/MakeFloat3.uasset" 207
"../../../Engine/Content/Functions/Engine_MaterialFunctions02/Utility/MakeFloat3.uexp" 208
"../../../Engine/Content/Functions/Engine_MaterialFunctions03/Math/WithinRangeFloat2.uasset" 209
"../../../Engine/Content/Functions/Engine_MaterialFunctions03/Math/WithinRangeFloat2.uexp" 210
"../../../Engine/Content/EditorLandscapeResources/MaskBrushMaterial.uasset" 211
"../../../Engine/Content/EditorLandscapeResources/MaskBrushMaterial.uexp" 212
"../../../Engine/Content/EditorLandscapeResources/MaskBrushMaterial_MaskedRegion.uasset" 213
"../../../Engine/Content/EditorLandscapeResources/MaskBrushMaterial_MaskedRegion.uexp" 214
"../../../Engine/Content/EditorResources/S_TriggerSphere.uasset" 215
"../../../Engine/Content/EditorResources/S_TriggerSphere.uexp" 216
"../../../Engine/Content/EngineMaterials/BaseFlattenDiffuseMap.uasset" 217
"../../../Engine/Content/EngineMaterials/BaseFlattenDiffuseMap.uexp" 218
"../../../Engine/Content/EngineMaterials/BaseFlattenEmissiveMap.uasset" 219
"../../../Engine/Content/EngineMaterials/BaseFlattenEmissiveMap.uexp" 220
"../../../Engine/Content/EngineMaterials/BaseFlattenGrayscaleMap.uasset" 221
"../../../Engine/Content/EngineMaterials/BaseFlattenGrayscaleMap.uexp" 222
"../../../Engine/Content/EngineMaterials/BaseFlattenLinearColor.uasset" 223
"../../../Engine/Content/EngineMaterials/BaseFlattenLinearColor.uexp" 224
"../../../Engine/Content/EngineMaterials/BaseFlattenNormalMap.uasset" 225
"../../../Engine/Content/EngineMaterials/BaseFlattenNormalMap.uexp" 226
"../../../Engine/Content/Functions/Engine_MaterialFunctions02/PivotPainter2/Black_1x1_EXR_Texture.uasset" 227
"../../../Engine/Content/Functions/Engine_MaterialFunctions02/PivotPainter2/Black_1x1_EXR_Texture.uexp" 228
"../../../Engine/Content/EngineMaterials/FlattenMaterial.uasset" 229
"../../../Engine/Content/EngineMaterials/FlattenMaterial.uexp" 230
"../../../Engine/Content/EditorResources/BSPVertex.uasset" 231
"../../../Engine/Content/EditorResources/BSPVertex.uexp" 232
"../../../Engine/Content/EngineMaterials/BaseFlattenDiffuseMap_VT.ubulk" 233
"../../../Engine/Content/EngineMaterials/BaseFlattenDiffuseMap_VT.uasset" 234
"../../../Engine/Content/EngineMaterials/BaseFlattenDiffuseMap_VT.uexp" 235
"../../../Engine/Content/EngineMaterials/BaseFlattenEmissiveMap_VT.ubulk" 236
"../../../Engine/Content/EngineMaterials/BaseFlattenEmissiveMap_VT.uasset" 237
"../../../Engine/Content/EngineMaterials/BaseFlattenEmissiveMap_VT.uexp" 238
"../../../Engine/Content/EngineMaterials/BaseFlattenGrayscaleMap_VT.ubulk" 239
"../../../Engine/Content/EngineMaterials/BaseFlattenGrayscaleMap_VT.uasset" 240
"../../../Engine/Content/EngineMaterials/BaseFlattenGrayscaleMap_VT.uexp" 241
"../../../Engine/Content/EngineMaterials/BaseFlattenLinearColor_VT.ubulk" 242
"../../../Engine/Content/EngineMaterials/BaseFlattenLinearColor_VT.uasset" 243
"../../../Engine/Content/EngineMaterials/BaseFlattenLinearColor_VT.uexp" 244
"../../../Engine/Content/EngineMaterials/BaseFlattenNormalMap_VT.ubulk" 245
"../../../Engine/Content/EngineMaterials/BaseFlattenNormalMap_VT.uasset" 246
"../../../Engine/Content/EngineMaterials/BaseFlattenNormalMap_VT.uexp" 247
"../../../Engine/Content/EngineMaterials/Black_1x1_EXR_Texture_VT.ubulk" 248
"../../../Engine/Content/EngineMaterials/Black_1x1_EXR_Texture_VT.uasset" 249
"../../../Engine/Content/EngineMaterials/Black_1x1_EXR_Texture_VT.uexp" 250
"../../../Engine/Content/EngineMaterials/FlattenMaterial_VT.uasset" 251
"../../../Engine/Content/EngineMaterials/FlattenMaterial_VT.uexp" 252
"../../../Engine/Content/EngineMaterials/FlattenMaterial_WS_Normal_VT.uasset" 253
"../../../Engine/Content/EngineMaterials/FlattenMaterial_WS_Normal_VT.uexp" 254
"../../../Engine/Content/EditorLandscapeResources/SelectBrushMaterial.uasset" 255
"../../../Engine/Content/EditorLandscapeResources/SelectBrushMaterial.uexp" 256
"../../../Engine/Content/EditorLandscapeResources/SelectBrushMaterial_Selected.uasset" 257
"../../../Engine/Content/EditorLandscapeResources/SelectBrushMaterial_Selected.uexp" 258
"../../../Engine/Content/EngineMaterials/GizmoMaterial.uasset" 259
"../../../Engine/Content/EngineMaterials/GizmoMaterial.uexp" 260
"../../../Engine/Content/EditorLandscapeResources/SelectBrushMaterial_SelectedRegion.uasset" 261
"../../../Engine/Content/EditorLandscapeResources/SelectBrushMaterial_SelectedRegion.uexp" 262
"../../../Engine/Content/EditorLandscapeResources/SplineEditorMeshMat.uasset" 263
"../../../Engine/Content/EditorLandscapeResources/SplineEditorMeshMat.uexp" 264
"../../../Engine/Content/EditorLandscapeResources/SplineEditorMesh.ubulk" 265
"../../../Engine/Content/EditorLandscapeResources/SplineEditorMesh.uasset" 266
"../../../Engine/Content/EditorLandscapeResources/SplineEditorMesh.uexp" 267
"../../../Engine/Plugins/Animation/ControlRig/Content/Controls/ControlRig_Hexagon_3mm.ubulk" 268
"../../../Engine/Plugins/Animation/ControlRig/Content/Controls/ControlRig_Hexagon_3mm.uasset" 269
"../../../Engine/Plugins/Animation/ControlRig/Content/Controls/ControlRig_Hexagon_3mm.uexp" 270
"../../../Engine/Content/EngineMaterials/WeightMapPlaceholderTexture.uasset" 271
"../../../Engine/Content/EngineMaterials/WeightMapPlaceholderTexture.uexp" 272
"../../../Engine/Content/EngineMaterials/WeightMapArrayPlaceholderTexture.uasset" 273
"../../../Engine/Content/EngineMaterials/WeightMapArrayPlaceholderTexture.uexp" 274
"../../../Engine/Content/EditorResources/S_Actor.ubulk" 275
"../../../Engine/Content/EditorResources/S_Actor.uasset" 276
"../../../Engine/Content/EditorResources/S_Actor.uexp" 277
"../../../Engine/Plugins/Animation/ControlRig/Content/Controls/ControlRig_Hexagon_solid.ubulk" 278
"../../../Engine/Plugins/Animation/ControlRig/Content/Controls/ControlRig_Hexagon_solid.uasset" 279
"../../../Engine/Plugins/Animation/ControlRig/Content/Controls/ControlRig_Hexagon_solid.uexp" 280
"../../../Engine/Content/EditorResources/S_BoxReflectionCapture.uasset" 281
"../../../Engine/Content/EditorResources/S_BoxReflectionCapture.uexp" 282
"../../../Engine/Content/EngineResources/WhiteSquareTexture.uasset" 283
"../../../Engine/Content/EngineResources/WhiteSquareTexture.uexp" 284
"../../../Engine/Content/EngineMaterials/Widget3DPassThrough.uasset" 285
"../../../Engine/Content/EngineMaterials/Widget3DPassThrough.uexp" 286
"../../../Engine/Content/EngineMaterials/Widget3DPassThrough_Masked.uasset" 287
"../../../Engine/Content/EngineMaterials/Widget3DPassThrough_Masked.uexp" 288
"../../../Engine/Content/EngineMaterials/Widget3DPassThrough_Opaque.uasset" 289
"../../../Engine/Content/EngineMaterials/Widget3DPassThrough_Opaque.uexp" 290
"../../../Engine/Content/EngineMaterials/Widget3DPassThrough_Masked_OneSided.uasset" 291
"../../../Engine/Content/EngineMaterials/Widget3DPassThrough_Masked_OneSided.uexp" 292
"../../../Engine/Plugins/Animation/ControlRig/Content/Controls/ControlRig_Octagon_1mm.ubulk" 293
"../../../Engine/Plugins/Animation/ControlRig/Content/Controls/ControlRig_Octagon_1mm.uasset" 294
"../../../Engine/Plugins/Animation/ControlRig/Content/Controls/ControlRig_Octagon_1mm.uexp" 295
"../../../Engine/Content/EngineMaterials/Widget3DPassThrough_Opaque_OneSided.uasset" 296
"../../../Engine/Content/EngineMaterials/Widget3DPassThrough_Opaque_OneSided.uexp" 297
"../../../Engine/Plugins/Animation/ControlRig/Content/Controls/ControlRig_Octagon_3mm.ubulk" 298
"../../../Engine/Plugins/Animation/ControlRig/Content/Controls/ControlRig_Octagon_3mm.uasset" 299
"../../../Engine/Plugins/Animation/ControlRig/Content/Controls/ControlRig_Octagon_3mm.uexp" 300
"../../../Engine/Content/EngineMaterials/MiniFont.uasset" 301
"../../../Engine/Content/EngineMaterials/MiniFont.uexp" 302
"../../../Engine/Content/EngineMaterials/Widget3DPassThrough_Translucent.uasset" 303
"../../../Engine/Content/EngineMaterials/Widget3DPassThrough_Translucent.uexp" 304
"../../../Engine/Content/EngineMaterials/Widget3DPassThrough_Translucent_OneSided.uasset" 305
"../../../Engine/Content/EngineMaterials/Widget3DPassThrough_Translucent_OneSided.uexp" 306
"../../../Engine/Plugins/Animation/ControlRig/Content/Controls/ControlRig_Octagon_solid.ubulk" 307
"../../../Engine/Plugins/Animation/ControlRig/Content/Controls/ControlRig_Octagon_solid.uasset" 308
"../../../Engine/Plugins/Animation/ControlRig/Content/Controls/ControlRig_Octagon_solid.uexp" 309
"../../../Engine/Content/EngineMaterials/InvalidLightmapSettings.ubulk" 310
"../../../Engine/Content/EngineMaterials/InvalidLightmapSettings.uasset" 311
"../../../Engine/Content/EngineMaterials/InvalidLightmapSettings.uexp" 312
"../../../Engine/Content/EngineMaterials/M_InvalidLightmapSettings.uasset" 313
"../../../Engine/Content/EngineMaterials/M_InvalidLightmapSettings.uexp" 314
"../../../Engine/Content/EngineDamageTypes/DmgTypeBP_Environmental.uasset" 315
"../../../Engine/Content/EngineDamageTypes/DmgTypeBP_Environmental.uexp" 316
"../../../Engine/Plugins/Animation/ControlRig/Content/Controls/ControlRig_Pyramid_1mm.ubulk" 317
"../../../Engine/Plugins/Animation/ControlRig/Content/Controls/ControlRig_Pyramid_1mm.uasset" 318
"../../../Engine/Plugins/Animation/ControlRig/Content/Controls/ControlRig_Pyramid_1mm.uexp" 319
"../../../Engine/Content/EngineMaterials/NaniteHiddenSectionMaterial.uasset" 320
"../../../Engine/Content/EngineMaterials/NaniteHiddenSectionMaterial.uexp" 321
"../../../Engine/Plugins/Animation/ControlRig/Content/Controls/ControlRig_Pyramid_3mm.ubulk" 322
"../../../Engine/Plugins/Animation/ControlRig/Content/Controls/ControlRig_Pyramid_3mm.uasset" 323
"../../../Engine/Plugins/Animation/ControlRig/Content/Controls/ControlRig_Pyramid_3mm.uexp" 324
"../../../Engine/Plugins/Animation/ControlRig/Content/Controls/ControlRig_Pyramid_solid.ubulk" 325
"../../../Engine/Plugins/Animation/ControlRig/Content/Controls/ControlRig_Pyramid_solid.uasset" 326
"../../../Engine/Plugins/Animation/ControlRig/Content/Controls/ControlRig_Pyramid_solid.uexp" 327
"../../../Engine/Plugins/Animation/ControlRig/Content/Controls/ControlRig_QuarterCircle_1mm.ubulk" 328
"../../../Engine/Plugins/Animation/ControlRig/Content/Controls/ControlRig_QuarterCircle_1mm.uasset" 329
"../../../Engine/Plugins/Animation/ControlRig/Content/Controls/ControlRig_QuarterCircle_1mm.uexp" 330
"../../../Engine/Content/EngineMaterials/PhAT_JointLimitMaterial.uasset" 331
"../../../Engine/Content/EngineMaterials/PhAT_JointLimitMaterial.uexp" 332
"../../../Engine/Plugins/Animation/ControlRig/Content/Controls/ControlRig_QuarterCircle_3mm.ubulk" 333
"../../../Engine/Plugins/Animation/ControlRig/Content/Controls/ControlRig_QuarterCircle_3mm.uasset" 334
"../../../Engine/Plugins/Animation/ControlRig/Content/Controls/ControlRig_QuarterCircle_3mm.uexp" 335
"../../../Engine/Content/EngineMaterials/DefaultCalibrationColor.uasset" 336
"../../../Engine/Content/EngineMaterials/DefaultCalibrationColor.uexp" 337
"../../../Engine/Content/EngineMaterials/PPM_DefaultCalibrationColor.uasset" 338
"../../../Engine/Content/EngineMaterials/PPM_DefaultCalibrationColor.uexp" 339
"../../../Engine/Plugins/Animation/ControlRig/Content/Controls/ControlRig_QuarterCircle_solid.ubulk" 340
"../../../Engine/Plugins/Animation/ControlRig/Content/Controls/ControlRig_QuarterCircle_solid.uasset" 341
"../../../Engine/Plugins/Animation/ControlRig/Content/Controls/ControlRig_QuarterCircle_solid.uexp" 342
"../../../Engine/Content/EngineMaterials/DefaultCalibrationGrayscale.uasset" 343
"../../../Engine/Content/EngineMaterials/DefaultCalibrationGrayscale.uexp" 344
"../../../Engine/Content/EngineMaterials/PPM_DefaultCalibrationGrayscale.uasset" 345
"../../../Engine/Content/EngineMaterials/PPM_DefaultCalibrationGrayscale.uexp" 346
"../../../Engine/Plugins/Animation/ControlRig/Content/Controls/ControlRig_RoundedSquare_1mm.ubulk" 347
"../../../Engine/Plugins/Animation/ControlRig/Content/Controls/ControlRig_RoundedSquare_1mm.uasset" 348
"../../../Engine/Plugins/Animation/ControlRig/Content/Controls/ControlRig_RoundedSquare_1mm.uexp" 349
"../../../Engine/Plugins/Animation/ControlRig/Content/Controls/ControlRig_RoundedSquare_3mm.ubulk" 350
"../../../Engine/Plugins/Animation/ControlRig/Content/Controls/ControlRig_RoundedSquare_3mm.uasset" 351
"../../../Engine/Plugins/Animation/ControlRig/Content/Controls/ControlRig_RoundedSquare_3mm.uexp" 352
"../../../Engine/Content/Functions/Engine_MaterialFunctions02/Utility/CameraDirectionVector.uasset" 353
"../../../Engine/Content/Functions/Engine_MaterialFunctions02/Utility/CameraDirectionVector.uexp" 354
"../../../Engine/Content/Functions/Engine_MaterialFunctions02/Utility/VectorLength.uasset" 355
"../../../Engine/Content/Functions/Engine_MaterialFunctions02/Utility/VectorLength.uexp" 356
"../../../Engine/Plugins/Experimental/MeshModelingToolsetExp/Content/Materials/GetDisplacementVectorForDepthBias.uasset" 357
"../../../Engine/Plugins/Experimental/MeshModelingToolsetExp/Content/Materials/GetDisplacementVectorForDepthBias.uexp" 358
"../../../Engine/Content/Functions/Engine_MaterialFunctions03/Viewport/MF_OrthoWidth.uasset" 359
"../../../Engine/Content/Functions/Engine_MaterialFunctions03/Viewport/MF_OrthoWidth.uexp" 360
"../../../Engine/Content/Functions/Engine_MaterialFunctions02/Utility/FOV.uasset" 361
"../../../Engine/Content/Functions/Engine_MaterialFunctions02/Utility/FOV.uexp" 362
"../../../Engine/Content/Functions/Engine_MaterialFunctions02/WorldPositionOffset/V2/ObjectScale.uasset" 363
"../../../Engine/Content/Functions/Engine_MaterialFunctions02/WorldPositionOffset/V2/ObjectScale.uexp" 364
"../../../Engine/Plugins/Experimental/MeshModelingToolsetExp/Content/Materials/PointSetOverlaidComponentMaterial.uasset" 365
"../../../Engine/Plugins/Experimental/MeshModelingToolsetExp/Content/Materials/PointSetOverlaidComponentMaterial.uexp" 366
"../../../Engine/Plugins/Animation/ControlRig/Content/Controls/ControlRig_RoundedSquare_solid.ubulk" 367
"../../../Engine/Plugins/Animation/ControlRig/Content/Controls/ControlRig_RoundedSquare_solid.uasset" 368
"../../../Engine/Plugins/Animation/ControlRig/Content/Controls/ControlRig_RoundedSquare_solid.uexp" 369
"../../../Engine/Content/EngineMaterials/PreintegratedSkinBRDF.uasset" 370
"../../../Engine/Content/EngineMaterials/PreintegratedSkinBRDF.uexp" 371
"../../../Engine/Plugins/Animation/ControlRig/Content/Controls/ControlRig_RoundedTriangle_1mm.ubulk" 372
"../../../Engine/Plugins/Animation/ControlRig/Content/Controls/ControlRig_RoundedTriangle_1mm.uasset" 373
"../../../Engine/Plugins/Animation/ControlRig/Content/Controls/ControlRig_RoundedTriangle_1mm.uexp" 374
"../../../Engine/Content/Functions/Engine_MaterialFunctions02/SplitComponents.uasset" 375
"../../../Engine/Content/Functions/Engine_MaterialFunctions02/SplitComponents.uexp" 376
"../../../Engine/Content/Functions/Engine_MaterialFunctions02/Utility/BreakOutFloat3Components.uasset" 377
"../../../Engine/Content/Functions/Engine_MaterialFunctions02/Utility/BreakOutFloat3Components.uexp" 378
"../../../Engine/Content/Functions/Engine_MaterialFunctions02/Math/Transform3x3Matrix.uasset" 379
"../../../Engine/Content/Functions/Engine_MaterialFunctions02/Math/Transform3x3Matrix.uexp" 380
"../../../Engine/Content/VREditor/SnapGrid/SnapGridMaterial.uasset" 381
"../../../Engine/Content/VREditor/SnapGrid/SnapGridMaterial.uexp" 382
"../../../Engine/Content/VREditor/SnapGrid/SnapGridPlaneMesh.ubulk" 383
"../../../Engine/Content/VREditor/SnapGrid/SnapGridPlaneMesh.uasset" 384
"../../../Engine/Content/VREditor/SnapGrid/SnapGridPlaneMesh.uexp" 385
"../../../Engine/Content/VREditor/LaserPointer/VR_LaserPower_01.ubulk" 386
"../../../Engine/Content/VREditor/LaserPointer/VR_LaserPower_01.uasset" 387
"../../../Engine/Content/VREditor/LaserPointer/VR_LaserPower_01.uexp" 388
"../../../Engine/Content/VREditor/TransformGizmo/TransformGizmoMaterial.uasset" 389
"../../../Engine/Content/VREditor/TransformGizmo/TransformGizmoMaterial.uexp" 390
"../../../Engine/Content/VREditor/TransformGizmo/TranslucentTransformGizmoMaterial.uasset" 391
"../../../Engine/Content/VREditor/TransformGizmo/TranslucentTransformGizmoMaterial.uexp" 392
"../../../Engine/Content/VREditor/TransformGizmo/PlaneTranslationHandle.ubulk" 393
"../../../Engine/Content/VREditor/TransformGizmo/PlaneTranslationHandle.uasset" 394
"../../../Engine/Content/VREditor/TransformGizmo/PlaneTranslationHandle.uexp" 395
"../../../Engine/Content/VREditor/TransformGizmo/RotationHandleFull.ubulk" 396
"../../../Engine/Content/VREditor/TransformGizmo/RotationHandleFull.uasset" 397
"../../../Engine/Content/VREditor/TransformGizmo/RotationHandleFull.uexp" 398
"../../../Engine/Content/VREditor/TransformGizmo/RotationHandleIndicator.ubulk" 399
"../../../Engine/Content/VREditor/TransformGizmo/RotationHandleIndicator.uasset" 400
"../../../Engine/Content/VREditor/TransformGizmo/RotationHandleIndicator.uexp" 401
"../../../Engine/Content/VREditor/TransformGizmo/RotationHandleQuarter.ubulk" 402
"../../../Engine/Content/VREditor/TransformGizmo/RotationHandleQuarter.uasset" 403
"../../../Engine/Content/VREditor/TransformGizmo/RotationHandleQuarter.uexp" 404
"../../../Engine/Content/VREditor/TransformGizmo/StartRotationHandleIndicator.ubulk" 405
"../../../Engine/Content/VREditor/TransformGizmo/StartRotationHandleIndicator.uasset" 406
"../../../Engine/Content/VREditor/TransformGizmo/StartRotationHandleIndicator.uexp" 407
"../../../Engine/Content/VREditor/TransformGizmo/TranslucentTransformGizmoMaterial_Inst.uasset" 408
"../../../Engine/Content/VREditor/TransformGizmo/TranslucentTransformGizmoMaterial_Inst.uexp" 409
"../../../Engine/Content/VREditor/TransformGizmo/TransformGizmoFreeRotation.ubulk" 410
"../../../Engine/Content/VREditor/TransformGizmo/TransformGizmoFreeRotation.uasset" 411
"../../../Engine/Content/VREditor/TransformGizmo/TransformGizmoFreeRotation.uexp" 412
"../../../Engine/Content/VREditor/TransformGizmo/TransformGizmoMaterial_Inst.uasset" 413
"../../../Engine/Content/VREditor/TransformGizmo/TransformGizmoMaterial_Inst.uexp" 414
"../../../Engine/Content/VREditor/TransformGizmo/TranslateArrowHandle.ubulk" 415
"../../../Engine/Content/VREditor/TransformGizmo/TranslateArrowHandle.uasset" 416
"../../../Engine/Content/VREditor/TransformGizmo/TranslateArrowHandle.uexp" 417
"../../../Engine/Content/VREditor/TransformGizmo/UniformScaleHandle.ubulk" 418
"../../../Engine/Content/VREditor/TransformGizmo/UniformScaleHandle.uasset" 419
"../../../Engine/Content/VREditor/TransformGizmo/UniformScaleHandle.uexp" 420
"../../../Engine/Content/VREditor/Sounds/UI/Drop_Item_From_ContentBrowser.ubulk" 421
"../../../Engine/Content/VREditor/Sounds/UI/Drop_Item_From_ContentBrowser.uasset" 422
"../../../Engine/Content/VREditor/Sounds/UI/Drop_Item_From_ContentBrowser.uexp" 423
"../../../Engine/Content/VREditor/Sounds/UI/Gizmo_Handle_Clicked.ubulk" 424
"../../../Engine/Content/VREditor/Sounds/UI/Gizmo_Handle_Clicked.uasset" 425
"../../../Engine/Content/VREditor/Sounds/UI/Gizmo_Handle_Clicked.uexp" 426
"../../../Engine/Content/VREditor/Sounds/UI/Object_PickUp.ubulk" 427
"../../../Engine/Content/VREditor/Sounds/UI/Object_PickUp.uasset" 428
"../../../Engine/Content/VREditor/Sounds/UI/Object_PickUp.uexp" 429
"../../../Engine/Content/VREditor/Sounds/UI/Object_Snaps_To_Another_Actor.ubulk" 430
"../../../Engine/Content/VREditor/Sounds/UI/Object_Snaps_To_Another_Actor.uasset" 431
"../../../Engine/Content/VREditor/Sounds/UI/Object_Snaps_To_Another_Actor.uexp" 432
"../../../Engine/Content/VREditor/Sounds/UI/Object_Snaps_To_Grid.ubulk" 433
"../../../Engine/Content/VREditor/Sounds/UI/Object_Snaps_To_Grid.uasset" 434
"../../../Engine/Content/VREditor/Sounds/UI/Object_Snaps_To_Grid.uexp" 435
"../../../Engine/Content/VREditor/Sounds/UI/Scaling_Down.ubulk" 436
"../../../Engine/Content/VREditor/Sounds/UI/Scaling_Down.uasset" 437
"../../../Engine/Content/VREditor/Sounds/UI/Scaling_Down.uexp" 438
"../../../Engine/Content/VREditor/Sounds/UI/Scaling_Up.ubulk" 439
"../../../Engine/Content/VREditor/Sounds/UI/Scaling_Up.uasset" 440
"../../../Engine/Content/VREditor/Sounds/UI/Scaling_Up.uexp" 441
"../../../Engine/Content/VREditor/Sounds/UI/Selection_Changes.ubulk" 442
"../../../Engine/Content/VREditor/Sounds/UI/Selection_Changes.uasset" 443
"../../../Engine/Content/VREditor/Sounds/UI/Selection_Changes.uexp" 444
"../../../Engine/Plugins/Animation/ControlRig/Content/Controls/ControlRig_RoundedTriangle_3mm.ubulk" 445
"../../../Engine/Plugins/Animation/ControlRig/Content/Controls/ControlRig_RoundedTriangle_3mm.uasset" 446
"../../../Engine/Plugins/Animation/ControlRig/Content/Controls/ControlRig_RoundedTriangle_3mm.uexp" 447
"../../../Engine/Plugins/Interchange/Assets/Content/Functions/MX_SheenBSDF.uasset" 448
"../../../Engine/Plugins/Interchange/Assets/Content/Functions/MX_SheenBSDF.uexp" 449
"../../../Engine/Content/EngineDebugMaterials/DebugEditorMaterial.uasset" 450
"../../../Engine/Content/EngineDebugMaterials/DebugEditorMaterial.uexp" 451
"../../../Engine/Plugins/Animation/ControlRig/Content/Controls/ControlRig_RoundedTriangle_solid.ubulk" 452
"../../../Engine/Plugins/Animation/ControlRig/Content/Controls/ControlRig_RoundedTriangle_solid.uasset" 453
"../../../Engine/Plugins/Animation/ControlRig/Content/Controls/ControlRig_RoundedTriangle_solid.uexp" 454
"../../../Engine/Content/EngineDebugMaterials/DebugMeshMaterial.uasset" 455
"../../../Engine/Content/EngineDebugMaterials/DebugMeshMaterial.uexp" 456
"../../../Engine/Content/EngineMeshes/Sphere.ubulk" 457
"../../../Engine/Content/EngineMeshes/Sphere.uasset" 458
"../../../Engine/Content/EngineMeshes/Sphere.uexp" 459
"../../../Engine/Plugins/Animation/DeformerGraph/Content/DeformerFunctions/DG_Function_LinearBlendSkin_Morph_Cloth.uasset" 460
"../../../Engine/Plugins/Animation/DeformerGraph/Content/DeformerFunctions/DG_Function_LinearBlendSkin_Morph_Cloth.uexp" 461
"../../../Engine/Plugins/Animation/DeformerGraph/Content/Deformers/DG_LinearBlendSkin_Morph_Cloth.uasset" 462
"../../../Engine/Plugins/Animation/DeformerGraph/Content/Deformers/DG_LinearBlendSkin_Morph_Cloth.uexp" 463
"../../../Engine/Plugins/Animation/ControlRig/Content/Controls/ControlRig_Sphere_1mm.ubulk" 464
"../../../Engine/Plugins/Animation/ControlRig/Content/Controls/ControlRig_Sphere_1mm.uasset" 465
"../../../Engine/Plugins/Animation/ControlRig/Content/Controls/ControlRig_Sphere_1mm.uexp" 466
"../../../Engine/Plugins/Animation/DeformerGraph/Content/DeformerFunctions/DG_Function_ComputeNormalsTangents.uasset" 467
"../../../Engine/Plugins/Animation/DeformerGraph/Content/DeformerFunctions/DG_Function_ComputeNormalsTangents.uexp" 468
"../../../Engine/Plugins/Animation/DeformerGraph/Content/DeformerFunctions/DG_Function_LinearBlendSkin_Morph_Cloth_PositionOnly.uasset" 469
"../../../Engine/Plugins/Animation/DeformerGraph/Content/DeformerFunctions/DG_Function_LinearBlendSkin_Morph_Cloth_PositionOnly.uexp" 470
"../../../Engine/Plugins/Animation/DeformerGraph/Content/Deformers/DG_LinearBlendSkin_Morph_Cloth_RecomputeNormals.uasset" 471
"../../../Engine/Plugins/Animation/DeformerGraph/Content/Deformers/DG_LinearBlendSkin_Morph_Cloth_RecomputeNormals.uexp" 472
"../../../Engine/Content/EngineMaterials/RemoveSurfaceMaterial.uasset" 473
"../../../Engine/Content/EngineMaterials/RemoveSurfaceMaterial.uexp" 474
"../../../Engine/Plugins/Interchange/Assets/Content/Functions/MX_SubsurfaceBSDF.uasset" 475
"../../../Engine/Plugins/Interchange/Assets/Content/Functions/MX_SubsurfaceBSDF.uexp" 476
"../../../Engine/Plugins/Animation/ControlRig/Content/Controls/ControlRig_Sphere_3mm.ubulk" 477
"../../../Engine/Plugins/Animation/ControlRig/Content/Controls/ControlRig_Sphere_3mm.uasset" 478
"../../../Engine/Plugins/Animation/ControlRig/Content/Controls/ControlRig_Sphere_3mm.uexp" 479
"../../../Engine/Plugins/Animation/ControlRig/Content/Controls/ControlRigGizmoMaterial.uasset" 480
"../../../Engine/Plugins/Animation/ControlRig/Content/Controls/ControlRigGizmoMaterial.uexp" 481
"../../../Engine/Plugins/Interchange/Assets/Content/Functions/MX_Surface.uasset" 482
"../../../Engine/Plugins/Interchange/Assets/Content/Functions/MX_Surface.uexp" 483
"../../../Engine/Plugins/Animation/ControlRig/Content/Controls/ControlRigXRayMaterial.uasset" 484
"../../../Engine/Plugins/Animation/ControlRig/Content/Controls/ControlRigXRayMaterial.uexp" 485
"../../../Engine/Plugins/Animation/ControlRig/Content/Controls/ControlRig_Sphere_solid.ubulk" 486
"../../../Engine/Plugins/Animation/ControlRig/Content/Controls/ControlRig_Sphere_solid.uasset" 487
"../../../Engine/Plugins/Animation/ControlRig/Content/Controls/ControlRig_Sphere_solid.uexp" 488
"../../../Engine/Plugins/Interchange/Assets/Content/Functions/MX_SurfaceUnlit.uasset" 489
"../../../Engine/Plugins/Interchange/Assets/Content/Functions/MX_SurfaceUnlit.uexp" 490
"../../../Engine/Content/EngineMaterials/SMAAAreaTex.uasset" 491
"../../../Engine/Content/EngineMaterials/SMAAAreaTex.uexp" 492
"../../../Engine/Plugins/Animation/ControlRig/Content/Controls/ControlRig_Arrow2_1mm.ubulk" 493
"../../../Engine/Plugins/Animation/ControlRig/Content/Controls/ControlRig_Arrow2_1mm.uasset" 494
"../../../Engine/Plugins/Animation/ControlRig/Content/Controls/ControlRig_Arrow2_1mm.uexp" 495
"../../../Engine/Plugins/Interchange/Assets/Content/Substrate/MX_SimpleVolume.uasset" 496
"../../../Engine/Plugins/Interchange/Assets/Content/Substrate/MX_SimpleVolume.uexp" 497
"../../../Engine/Plugins/Animation/ControlRig/Content/Controls/ControlRig_Square_1mm.ubulk" 498
"../../../Engine/Plugins/Animation/ControlRig/Content/Controls/ControlRig_Square_1mm.uasset" 499
"../../../Engine/Plugins/Animation/ControlRig/Content/Controls/ControlRig_Square_1mm.uexp" 500
"../../../Engine/Content/EngineMaterials/SMAASearchTex.uasset" 501
"../../../Engine/Content/EngineMaterials/SMAASearchTex.uexp" 502
"../../../Engine/Plugins/Animation/ControlRig/Content/Controls/ControlRig_Square_3mm.ubulk" 503
"../../../Engine/Plugins/Animation/ControlRig/Content/Controls/ControlRig_Square_3mm.uasset" 504
"../../../Engine/Plugins/Animation/ControlRig/Content/Controls/ControlRig_Square_3mm.uexp" 505
"../../../Engine/Plugins/Animation/ControlRig/Content/Controls/ControlRig_Arrow2_3mm.ubulk" 506
"../../../Engine/Plugins/Animation/ControlRig/Content/Controls/ControlRig_Arrow2_3mm.uasset" 507
"../../../Engine/Plugins/Animation/ControlRig/Content/Controls/ControlRig_Arrow2_3mm.uexp" 508
"../../../Engine/Plugins/Interchange/Assets/Content/Functions/MX_TranslucentBSDF.uasset" 509
"../../../Engine/Plugins/Interchange/Assets/Content/Functions/MX_TranslucentBSDF.uexp" 510
"../../../Engine/Plugins/Animation/ControlRig/Content/Controls/ControlRig_Arrow2_solid.ubulk" 511
"../../../Engine/Plugins/Animation/ControlRig/Content/Controls/ControlRig_Arrow2_solid.uasset" 512
"../../../Engine/Plugins/Animation/ControlRig/Content/Controls/ControlRig_Arrow2_solid.uexp" 513
"../../../Engine/Plugins/Animation/ControlRig/Content/Controls/ControlRig_Arrow4_1mm.ubulk" 514
"../../../Engine/Plugins/Animation/ControlRig/Content/Controls/ControlRig_Arrow4_1mm.uasset" 515
"../../../Engine/Plugins/Animation/ControlRig/Content/Controls/ControlRig_Arrow4_1mm.uexp" 516
"../../../Engine/Plugins/Animation/ControlRig/Content/Controls/ControlRig_Square_solid.ubulk" 517
"../../../Engine/Plugins/Animation/ControlRig/Content/Controls/ControlRig_Square_solid.uasset" 518
"../../../Engine/Plugins/Animation/ControlRig/Content/Controls/ControlRig_Square_solid.uexp" 519
"../../../Engine/Plugins/Interchange/Assets/Content/Functions/MX_UniformEDF.uasset" 520
"../../../Engine/Plugins/Interchange/Assets/Content/Functions/MX_UniformEDF.uexp" 521
"../../../Engine/Plugins/Animation/ControlRig/Content/Controls/ControlRig_Arrow4_3mm.ubulk" 522
"../../../Engine/Plugins/Animation/ControlRig/Content/Controls/ControlRig_Arrow4_3mm.uasset" 523
"../../../Engine/Plugins/Animation/ControlRig/Content/Controls/ControlRig_Arrow4_3mm.uexp" 524
"../../../Engine/Plugins/Interchange/Assets/Content/Functions/MX_UsdPreviewSurface.uasset" 525
"../../../Engine/Plugins/Interchange/Assets/Content/Functions/MX_UsdPreviewSurface.uexp" 526
"../../../Engine/Plugins/Animation/ControlRig/Content/Controls/ControlRig_Star4_1mm.ubulk" 527
"../../../Engine/Plugins/Animation/ControlRig/Content/Controls/ControlRig_Star4_1mm.uasset" 528
"../../../Engine/Plugins/Animation/ControlRig/Content/Controls/ControlRig_Star4_1mm.uexp" 529
"../../../Engine/Plugins/Animation/ControlRig/Content/Controls/ControlRig_Arrow4_solid.ubulk" 530
"../../../Engine/Plugins/Animation/ControlRig/Content/Controls/ControlRig_Arrow4_solid.uasset" 531
"../../../Engine/Plugins/Animation/ControlRig/Content/Controls/ControlRig_Arrow4_solid.uexp" 532
"../../../Engine/Plugins/Animation/ControlRig/Content/Controls/ControlRig_Star4_3mm.ubulk" 533
"../../../Engine/Plugins/Animation/ControlRig/Content/Controls/ControlRig_Star4_3mm.uasset" 534
"../../../Engine/Plugins/Animation/ControlRig/Content/Controls/ControlRig_Star4_3mm.uexp" 535
"../../../Engine/Plugins/Runtime/AudioWidgets/Content/Resources/ScrubHandleDown_Clamped.uasset" 536
"../../../Engine/Plugins/Runtime/AudioWidgets/Content/Resources/ScrubHandleDown_Clamped.uexp" 537
"../../../Engine/Plugins/Animation/ControlRig/Content/Controls/ControlRig_Arrow_1mm.ubulk" 538
"../../../Engine/Plugins/Animation/ControlRig/Content/Controls/ControlRig_Arrow_1mm.uasset" 539
"../../../Engine/Plugins/Animation/ControlRig/Content/Controls/ControlRig_Arrow_1mm.uexp" 540
"../../../Engine/Plugins/Animation/ControlRig/Content/Controls/ControlRig_Star4_solid.ubulk" 541
"../../../Engine/Plugins/Animation/ControlRig/Content/Controls/ControlRig_Star4_solid.uasset" 542
"../../../Engine/Plugins/Animation/ControlRig/Content/Controls/ControlRig_Star4_solid.uexp" 543
"../../../Engine/Plugins/Animation/ControlRig/Content/Controls/ControlRig_Arrow_3mm.ubulk" 544
"../../../Engine/Plugins/Animation/ControlRig/Content/Controls/ControlRig_Arrow_3mm.uasset" 545
"../../../Engine/Plugins/Animation/ControlRig/Content/Controls/ControlRig_Arrow_3mm.uexp" 546
"../../../Engine/Plugins/Interchange/Assets/Content/Functions/MX_AbsorptionVDF.uasset" 547
"../../../Engine/Plugins/Interchange/Assets/Content/Functions/MX_AbsorptionVDF.uexp" 548
"../../../Engine/Plugins/Animation/ControlRig/Content/Controls/ControlRig_Triangle_1mm.ubulk" 549
"../../../Engine/Plugins/Animation/ControlRig/Content/Controls/ControlRig_Triangle_1mm.uasset" 550
"../../../Engine/Plugins/Animation/ControlRig/Content/Controls/ControlRig_Triangle_1mm.uexp" 551
"../../../Engine/Plugins/Animation/ControlRig/Content/Controls/ControlRig_Arrow_solid.ubulk" 552
"../../../Engine/Plugins/Animation/ControlRig/Content/Controls/ControlRig_Arrow_solid.uasset" 553
"../../../Engine/Plugins/Animation/ControlRig/Content/Controls/ControlRig_Arrow_solid.uexp" 554
"../../../Engine/Plugins/Animation/ControlRig/Content/Controls/ControlRig_Triangle_3mm.ubulk" 555
"../../../Engine/Plugins/Animation/ControlRig/Content/Controls/ControlRig_Triangle_3mm.uasset" 556
"../../../Engine/Plugins/Animation/ControlRig/Content/Controls/ControlRig_Triangle_3mm.uexp" 557
"../../../Engine/Plugins/Interchange/Assets/Content/Functions/MX_AnisotropicVDF.uasset" 558
"../../../Engine/Plugins/Interchange/Assets/Content/Functions/MX_AnisotropicVDF.uexp" 559
"../../../Engine/Plugins/Animation/ControlRig/Content/Controls/ControlRig_Box_1mm.ubulk" 560
"../../../Engine/Plugins/Animation/ControlRig/Content/Controls/ControlRig_Box_1mm.uasset" 561
"../../../Engine/Plugins/Animation/ControlRig/Content/Controls/ControlRig_Box_1mm.uexp" 562
"../../../Engine/Plugins/Animation/ControlRig/Content/Controls/ControlRig_Triangle_solid.ubulk" 563
"../../../Engine/Plugins/Animation/ControlRig/Content/Controls/ControlRig_Triangle_solid.uasset" 564
"../../../Engine/Plugins/Animation/ControlRig/Content/Controls/ControlRig_Triangle_solid.uexp" 565
"../../../Engine/Plugins/Animation/ControlRig/Content/Controls/ControlRig_Box_3mm.ubulk" 566
"../../../Engine/Plugins/Animation/ControlRig/Content/Controls/ControlRig_Box_3mm.uasset" 567
"../../../Engine/Plugins/Animation/ControlRig/Content/Controls/ControlRig_Box_3mm.uexp" 568
"../../../Engine/Plugins/Animation/ControlRig/Content/Controls/ControlRig_Wedge_1mm.ubulk" 569
"../../../Engine/Plugins/Animation/ControlRig/Content/Controls/ControlRig_Wedge_1mm.uasset" 570
"../../../Engine/Plugins/Animation/ControlRig/Content/Controls/ControlRig_Wedge_1mm.uexp" 571
"../../../Engine/Content/Functions/Engine_MaterialFunctions02/WorldPositionOffset/ObjectScale.uasset" 572
"../../../Engine/Content/Functions/Engine_MaterialFunctions02/WorldPositionOffset/ObjectScale.uexp" 573
"../../../Engine/Plugins/Editor/SpeedTreeImporter/Content/SpeedTree9/Empty.uasset" 574
"../../../Engine/Plugins/Editor/SpeedTreeImporter/Content/SpeedTree9/Empty.uexp" 575
"../../../Engine/Plugins/Editor/SpeedTreeImporter/Content/SpeedTree9/EmptyNormal.uasset" 576
"../../../Engine/Plugins/Editor/SpeedTreeImporter/Content/SpeedTree9/EmptyNormal.uexp" 577
"../../../Engine/Plugins/Editor/SpeedTreeImporter/Content/SpeedTree9/game_wind_noise.ubulk" 578
"../../../Engine/Plugins/Editor/SpeedTreeImporter/Content/SpeedTree9/game_wind_noise.uasset" 579
"../../../Engine/Plugins/Editor/SpeedTreeImporter/Content/SpeedTree9/game_wind_noise.uexp" 580
"../../../Engine/Plugins/Editor/SpeedTreeImporter/Content/SpeedTree9/SpeedTreeBillboard.uasset" 581
"../../../Engine/Plugins/Editor/SpeedTreeImporter/Content/SpeedTree9/SpeedTreeBillboard.uexp" 582
"../../../Engine/Content/Functions/Engine_MaterialFunctions02/SafeNormalize.uasset" 583
"../../../Engine/Content/Functions/Engine_MaterialFunctions02/SafeNormalize.uexp" 584
"../../../Engine/Plugins/Editor/SpeedTreeImporter/Content/SpeedTree9/SpeedTreeWindMotion.uasset" 585
"../../../Engine/Plugins/Editor/SpeedTreeImporter/Content/SpeedTree9/SpeedTreeWindMotion.uexp" 586
"../../../Engine/Plugins/Editor/SpeedTreeImporter/Content/SpeedTree9/UnpackDirection.uasset" 587
"../../../Engine/Plugins/Editor/SpeedTreeImporter/Content/SpeedTree9/UnpackDirection.uexp" 588
"../../../Engine/Plugins/Editor/SpeedTreeImporter/Content/SpeedTree9/UnpackInteger3.uasset" 589
"../../../Engine/Plugins/Editor/SpeedTreeImporter/Content/SpeedTree9/UnpackInteger3.uexp" 590
"../../../Engine/Plugins/Editor/SpeedTreeImporter/Content/SpeedTree9/SpeedTreeBranchMotion.uasset" 591
"../../../Engine/Plugins/Editor/SpeedTreeImporter/Content/SpeedTree9/SpeedTreeBranchMotion.uexp" 592
"../../../Engine/Content/Functions/Engine_MaterialFunctions02/ObjectLocalBounds.uasset" 593
"../../../Engine/Content/Functions/Engine_MaterialFunctions02/ObjectLocalBounds.uexp" 594
"../../../Engine/Content/Functions/Engine_MaterialFunctions02/UVs/BoundingBoxBased_0-1_UVW.uasset" 595
"../../../Engine/Content/Functions/Engine_MaterialFunctions02/UVs/BoundingBoxBased_0-1_UVW.uexp" 596
"../../../Engine/Plugins/Editor/SpeedTreeImporter/Content/SpeedTree9/SpeedTreeWind.uasset" 597
"../../../Engine/Plugins/Editor/SpeedTreeImporter/Content/SpeedTree9/SpeedTreeWind.uexp" 598
"../../../Engine/Plugins/Editor/SpeedTreeImporter/Content/SpeedTree9/SpeedTreeBillboardMaster.uasset" 599
"../../../Engine/Plugins/Editor/SpeedTreeImporter/Content/SpeedTree9/SpeedTreeBillboardMaster.uexp" 600
"../../../Engine/Plugins/Interchange/Assets/Content/Functions/MX_BurleyDiffuseBSDF.uasset" 601
"../../../Engine/Plugins/Interchange/Assets/Content/Functions/MX_BurleyDiffuseBSDF.uexp" 602
"../../../Engine/Plugins/Animation/ControlRig/Content/Controls/ControlRig_Box_solid.ubulk" 603
"../../../Engine/Plugins/Animation/ControlRig/Content/Controls/ControlRig_Box_solid.uasset" 604
"../../../Engine/Plugins/Animation/ControlRig/Content/Controls/ControlRig_Box_solid.uexp" 605
"../../../Engine/Plugins/Runtime/HairStrands/Content/Materials/HairCardsDefaultMaterial.uasset" 606
"../../../Engine/Plugins/Runtime/HairStrands/Content/Materials/HairCardsDefaultMaterial.uexp" 607
"../../../Engine/Content/EngineResources/Black.uasset" 608
"../../../Engine/Content/EngineResources/Black.uexp" 609
"../../../Engine/Plugins/Animation/ControlRig/Content/Controls/ControlRig_Circle_1mm.ubulk" 610
"../../../Engine/Plugins/Animation/ControlRig/Content/Controls/ControlRig_Circle_1mm.uasset" 611
"../../../Engine/Plugins/Animation/ControlRig/Content/Controls/ControlRig_Circle_1mm.uexp" 612
"../../../Engine/Content/EngineMaterials/DefaultBloomKernel.uasset" 613
"../../../Engine/Content/EngineMaterials/DefaultBloomKernel.uexp" 614
"../../../Engine/Plugins/Animation/ControlRig/Content/Controls/ControlRig_Wedge_3mm.ubulk" 615
"../../../Engine/Plugins/Animation/ControlRig/Content/Controls/ControlRig_Wedge_3mm.uasset" 616
"../../../Engine/Plugins/Animation/ControlRig/Content/Controls/ControlRig_Wedge_3mm.uexp" 617
"../../../Engine/Plugins/Editor/SpeedTreeImporter/Content/SpeedTree9/SpeedTreeCameraFacing.uasset" 618
"../../../Engine/Plugins/Editor/SpeedTreeImporter/Content/SpeedTree9/SpeedTreeCameraFacing.uexp" 619
"../../../Engine/Plugins/Editor/SpeedTreeImporter/Content/SpeedTree9/SpeedTreeMaster.uasset" 620
"../../../Engine/Plugins/Editor/SpeedTreeImporter/Content/SpeedTree9/SpeedTreeMaster.uexp" 621
"../../../Engine/Content/Functions/Engine_MaterialFunctions02/Utility/MakeFloat2.uasset" 622
"../../../Engine/Content/Functions/Engine_MaterialFunctions02/Utility/MakeFloat2.uexp" 623
"../../../Engine/Content/EngineMaterials/HairColorMap.uasset" 624
"../../../Engine/Content/EngineMaterials/HairColorMap.uexp" 625
"../../../Engine/Content/EngineMaterials/HairDebugColor.uasset" 626
"../../../Engine/Content/EngineMaterials/HairDebugColor.uexp" 627
"../../../Engine/Plugins/Runtime/HairStrands/Content/Materials/HairGroupColors.uasset" 628
"../../../Engine/Plugins/Runtime/HairStrands/Content/Materials/HairGroupColors.uexp" 629
"../../../Engine/Plugins/Runtime/HairStrands/Content/Materials/HairDebugMaterial.uasset" 630
"../../../Engine/Plugins/Runtime/HairStrands/Content/Materials/HairDebugMaterial.uexp" 631
"../../../Engine/Plugins/Animation/ControlRig/Content/Controls/ControlRig_Wedge_solid.ubulk" 632
"../../../Engine/Plugins/Animation/ControlRig/Content/Controls/ControlRig_Wedge_solid.uasset" 633
"../../../Engine/Plugins/Animation/ControlRig/Content/Controls/ControlRig_Wedge_solid.uexp" 634
"../../../Engine/Plugins/Animation/ControlRig/Content/Controls/ControlRig_Circle_3mm.ubulk" 635
"../../../Engine/Plugins/Animation/ControlRig/Content/Controls/ControlRig_Circle_3mm.uasset" 636
"../../../Engine/Plugins/Animation/ControlRig/Content/Controls/ControlRig_Circle_3mm.uexp" 637
"../../../Engine/Plugins/Interchange/Assets/Content/Functions/MX_ChiangHairBSDF.uasset" 638
"../../../Engine/Plugins/Interchange/Assets/Content/Functions/MX_ChiangHairBSDF.uexp" 639
"../../../Engine/Content/EngineMaterials/DefaultBokeh.uasset" 640
"../../../Engine/Content/EngineMaterials/DefaultBokeh.uexp" 641
"../../../Engine/Plugins/Runtime/HairStrands/Content/Materials/HairDefaultMaterial.uasset" 642
"../../../Engine/Plugins/Runtime/HairStrands/Content/Materials/HairDefaultMaterial.uexp" 643
"../../../Engine/Plugins/Animation/ControlRig/Content/Controls/ControlRig_Circle_solid.ubulk" 644
"../../../Engine/Plugins/Animation/ControlRig/Content/Controls/ControlRig_Circle_solid.uasset" 645
"../../../Engine/Plugins/Animation/ControlRig/Content/Controls/ControlRig_Circle_solid.uexp" 646
"../../../Engine/Plugins/Animation/ControlRig/Content/Controls/ControlRig_Diamond_1mm.ubulk" 647
"../../../Engine/Plugins/Animation/ControlRig/Content/Controls/ControlRig_Diamond_1mm.uasset" 648
"../../../Engine/Plugins/Animation/ControlRig/Content/Controls/ControlRig_Diamond_1mm.uexp" 649
"../../../Engine/Plugins/Runtime/HairStrands/Content/Materials/HairMeshesDefaultMaterial.uasset" 650
"../../../Engine/Plugins/Runtime/HairStrands/Content/Materials/HairMeshesDefaultMaterial.uexp" 651
"../../../Engine/Plugins/Animation/ControlRig/Content/Controls/ControlRig_Diamond_3mm.ubulk" 652
"../../../Engine/Plugins/Animation/ControlRig/Content/Controls/ControlRig_Diamond_3mm.uasset" 653
"../../../Engine/Plugins/Animation/ControlRig/Content/Controls/ControlRig_Diamond_3mm.uexp" 654
"../../../Engine/Content/EngineDebugMaterials/M_SimpleUnlitTranslucent.uasset" 655
"../../../Engine/Content/EngineDebugMaterials/M_SimpleUnlitTranslucent.uexp" 656
"../../../Engine/Plugins/Animation/ControlRig/Content/Controls/ControlRig_Diamond_solid.ubulk" 657
"../../../Engine/Plugins/Animation/ControlRig/Content/Controls/ControlRig_Diamond_solid.uasset" 658
"../../../Engine/Plugins/Animation/ControlRig/Content/Controls/ControlRig_Diamond_solid.uexp" 659
"../../../Engine/Content/EngineResources/DefaultTextureCube.uasset" 660
"../../../Engine/Content/EngineResources/DefaultTextureCube.uexp" 661
"../../../Engine/Plugins/Animation/ControlRig/Content/Controls/ControlRig_HalfCircle_1mm.ubulk" 662
"../../../Engine/Plugins/Animation/ControlRig/Content/Controls/ControlRig_HalfCircle_1mm.uasset" 663
"../../../Engine/Plugins/Animation/ControlRig/Content/Controls/ControlRig_HalfCircle_1mm.uexp" 664
"../../../Engine/Content/EngineDebugMaterials/VolumeToRender.uasset" 665
"../../../Engine/Content/EngineDebugMaterials/VolumeToRender.uexp" 666
"../../../Engine/Content/EngineDebugMaterials/M_VolumeRenderSphereTracePP.uasset" 667
"../../../Engine/Content/EngineDebugMaterials/M_VolumeRenderSphereTracePP.uexp" 668
"../../../Engine/Plugins/Animation/ControlRig/Content/Controls/ControlRig_HalfCircle_3mm.ubulk" 669
"../../../Engine/Plugins/Animation/ControlRig/Content/Controls/ControlRig_HalfCircle_3mm.uasset" 670
"../../../Engine/Plugins/Animation/ControlRig/Content/Controls/ControlRig_HalfCircle_3mm.uexp" 671
"../../../Engine/Plugins/Animation/ControlRig/Content/Controls/ControlRig_HalfCircle_solid.ubulk" 672
"../../../Engine/Plugins/Animation/ControlRig/Content/Controls/ControlRig_HalfCircle_solid.uasset" 673
"../../../Engine/Plugins/Animation/ControlRig/Content/Controls/ControlRig_HalfCircle_solid.uexp" 674
"../../../Engine/Plugins/Animation/ControlRig/Content/Controls/ControlRig_Hexagon_1mm.ubulk" 675
"../../../Engine/Plugins/Animation/ControlRig/Content/Controls/ControlRig_Hexagon_1mm.uasset" 676
"../../../Engine/Plugins/Animation/ControlRig/Content/Controls/ControlRig_Hexagon_1mm.uexp" 677
"../../../Engine/Content/EngineMaterials/DefaultDeferredDecalMaterial.uasset" 678
"../../../Engine/Content/EngineMaterials/DefaultDeferredDecalMaterial.uexp" 679
"../../../Engine/Content/MobileResources/HUD/VirtualJoystick_Background.uasset" 680
"../../../Engine/Content/MobileResources/HUD/VirtualJoystick_Background.uexp" 681
"../../../Engine/Content/MobileResources/HUD/VirtualJoystick_Thumb.uasset" 682
"../../../Engine/Content/MobileResources/HUD/VirtualJoystick_Thumb.uexp" 683
"../../../Engine/Content/MobileResources/HUD/DefaultVirtualJoysticks.uasset" 684
"../../../Engine/Content/MobileResources/HUD/DefaultVirtualJoysticks.uexp" 685
"../../../Engine/Content/EditorMaterials/Camera/CineMat.uasset" 686
"../../../Engine/Content/EditorMaterials/Camera/CineMat.uexp" 687
"../../../Engine/Content/EditorMaterials/Camera/MI_CineMat_Rig.uasset" 688
"../../../Engine/Content/EditorMaterials/Camera/MI_CineMat_Rig.uexp" 689
"../../../Engine/Content/EditorMeshes/Camera/SM_CraneRig_Arm.ubulk" 690
"../../../Engine/Content/EditorMeshes/Camera/SM_CraneRig_Arm.uasset" 691
"../../../Engine/Content/EditorMeshes/Camera/SM_CraneRig_Arm.uexp" 692
"../../../Engine/Content/EngineMaterials/DefaultLightFunctionMaterial.uasset" 693
"../../../Engine/Content/EngineMaterials/DefaultLightFunctionMaterial.uexp" 694
"../../../Engine/Content/EditorMeshes/Camera/SM_CraneRig_Base.ubulk" 695
"../../../Engine/Content/EditorMeshes/Camera/SM_CraneRig_Base.uasset" 696
"../../../Engine/Content/EditorMeshes/Camera/SM_CraneRig_Base.uexp" 697
"../../../Engine/Content/EngineResources/GradientTexture0.uasset" 698
"../../../Engine/Content/EngineResources/GradientTexture0.uexp" 699
"../../../Engine/Content/EditorMeshes/Camera/SM_CraneRig_Body.ubulk" 700
"../../../Engine/Content/EditorMeshes/Camera/SM_CraneRig_Body.uasset" 701
"../../../Engine/Content/EditorMeshes/Camera/SM_CraneRig_Body.uexp" 702
"../../../Engine/Content/EditorMeshes/Camera/SM_CraneRig_Mount.ubulk" 703
"../../../Engine/Content/EditorMeshes/Camera/SM_CraneRig_Mount.uasset" 704
"../../../Engine/Content/EditorMeshes/Camera/SM_CraneRig_Mount.uexp" 705
"../../../Engine/Content/EngineResources/Development/ZenLogo_64.uasset" 706
"../../../Engine/Content/EngineResources/Development/ZenLogo_64.uexp" 707
"../../../Engine/Content/EditorMeshes/Camera/SM_RailRig_Mount.ubulk" 708
"../../../Engine/Content/EditorMeshes/Camera/SM_RailRig_Mount.uasset" 709
"../../../Engine/Content/EditorMeshes/Camera/SM_RailRig_Mount.uexp" 710
"../../../Engine/Content/EditorMeshes/Camera/SM_RailRig_Track.ubulk" 711
"../../../Engine/Content/EditorMeshes/Camera/SM_RailRig_Track.uasset" 712
"../../../Engine/Content/EditorMeshes/Camera/SM_RailRig_Track.uexp" 713
"../../../Engine/Content/EngineResources/FilmGrains/Marcie_Grain_v3_128_M2_000.uasset" 714
"../../../Engine/Content/EngineResources/FilmGrains/Marcie_Grain_v3_128_M2_000.uexp" 715
"../../../Engine/Content/EngineResources/LandscapeVisibilityLayerInfo.uasset" 716
"../../../Engine/Content/EngineResources/LandscapeVisibilityLayerInfo.uexp" 717
"../../../Engine/Content/EngineMaterials/EnergyConservation/Diffuse_Energy.uasset" 718
"../../../Engine/Content/EngineMaterials/EnergyConservation/Diffuse_Energy.uexp" 719
"../../../Engine/Content/EngineMaterials/EnergyConservation/GGX_ReflectionEnergy.uasset" 720
"../../../Engine/Content/EngineMaterials/EnergyConservation/GGX_ReflectionEnergy.uexp" 721
"../../../Engine/Content/EngineMaterials/EnergyConservation/GGX_TransmissionEnergyArray.uasset" 722
"../../../Engine/Content/EngineMaterials/EnergyConservation/GGX_TransmissionEnergyArray.uexp" 723
"../../../Engine/Content/EditorMaterials/ParticleSystems/PSysThumbnail_NoImage.ubulk" 724
"../../../Engine/Content/EditorMaterials/ParticleSystems/PSysThumbnail_NoImage.uasset" 725
"../../../Engine/Content/EditorMaterials/ParticleSystems/PSysThumbnail_NoImage.uexp" 726
"../../../Engine/Content/EngineMaterials/EnergyConservation/SheenLegacy_Energy.uasset" 727
"../../../Engine/Content/EngineMaterials/EnergyConservation/SheenLegacy_Energy.uexp" 728
"../../../Engine/Content/EditorMaterials/ParticleSystems/PSysThumbnail_OOD.ubulk" 729
"../../../Engine/Content/EditorMaterials/ParticleSystems/PSysThumbnail_OOD.uasset" 730
"../../../Engine/Content/EditorMaterials/ParticleSystems/PSysThumbnail_OOD.uexp" 731
"../../../Engine/Content/EngineMaterials/EnergyConservation/Sheen_Energy.uasset" 732
"../../../Engine/Content/EngineMaterials/EnergyConservation/Sheen_Energy.uexp" 733
"../../../Engine/Content/EngineMaterials/LTC/GGX_LTCAmp.uasset" 734
"../../../Engine/Content/EngineMaterials/LTC/GGX_LTCAmp.uexp" 735
"../../../Engine/Content/EngineMaterials/LTC/GGX_LTCMat.uasset" 736
"../../../Engine/Content/EngineMaterials/LTC/GGX_LTCMat.uexp" 737
"../../../Engine/Content/EditorResources/SequenceRecorder/Countdown.uasset" 738
"../../../Engine/Content/EditorResources/SequenceRecorder/Countdown.uexp" 739
"../../../Engine/Content/EngineMaterials/LTC/Sheen_LTC.uasset" 740
"../../../Engine/Content/EngineMaterials/LTC/Sheen_LTC.uexp" 741
"../../../Engine/Content/EditorResources/SequenceRecorder/RecordingIndicator.uasset" 742
"../../../Engine/Content/EditorResources/SequenceRecorder/RecordingIndicator.uexp" 743
"../../../Engine/Content/EditorMaterials/Dataflow/DataflowTwoSidedVertexMaterial.uasset" 744
"../../../Engine/Content/EditorMaterials/Dataflow/DataflowTwoSidedVertexMaterial.uexp" 745
"../../../Engine/Content/EditorMaterials/Dataflow/DataflowVertexMaterial.uasset" 746
"../../../Engine/Content/EditorMaterials/Dataflow/DataflowVertexMaterial.uexp" 747
"../../../Engine/Content/VREditor/TransformGizmo/BoundingBoxCorner.ubulk" 748
"../../../Engine/Content/VREditor/TransformGizmo/BoundingBoxCorner.uasset" 749
"../../../Engine/Content/VREditor/TransformGizmo/BoundingBoxCorner.uexp" 750
"../../../Engine/Content/VREditor/TransformGizmo/BoundingBoxEdge.ubulk" 751
"../../../Engine/Content/VREditor/TransformGizmo/BoundingBoxEdge.uasset" 752
"../../../Engine/Content/VREditor/TransformGizmo/BoundingBoxEdge.uexp" 753
"../../../Engine/Content/Functions/Engine_MaterialFunctions01/Texturing/FlattenNormal.uasset" 754
"../../../Engine/Content/Functions/Engine_MaterialFunctions01/Texturing/FlattenNormal.uexp" 755
"../../../Engine/Plugins/Interchange/Assets/Content/Utilities/New_LUT.uasset" 756
"../../../Engine/Plugins/Interchange/Assets/Content/Utilities/New_LUT.uexp" 757
"../../../Engine/Content/Functions/Engine_MaterialFunctions03/Math/RemapValueRange.uasset" 758
"../../../Engine/Content/Functions/Engine_MaterialFunctions03/Math/RemapValueRange.uexp" 759
"../../../Engine/Plugins/Interchange/Assets/Content/Functions/MF_Iridescence.uasset" 760
"../../../Engine/Plugins/Interchange/Assets/Content/Functions/MF_Iridescence.uexp" 761
"../../../Engine/Plugins/Interchange/Assets/Content/gltf/Textures/T_White_srgb.uasset" 762
"../../../Engine/Plugins/Interchange/Assets/Content/gltf/Textures/T_White_srgb.uexp" 763
"../../../Engine/Plugins/Interchange/Assets/Content/gltf/MaterialFunctions/MF_BaseColor.uasset" 764
"../../../Engine/Plugins/Interchange/Assets/Content/gltf/MaterialFunctions/MF_BaseColor.uexp" 765
"../../../Engine/Plugins/Interchange/Assets/Content/gltf/MaterialFunctions/MF_RotateNormals_TS.uasset" 766
"../../../Engine/Plugins/Interchange/Assets/Content/gltf/MaterialFunctions/MF_RotateNormals_TS.uexp" 767
"../../../Engine/Plugins/Interchange/Assets/Content/gltf/Textures/T_Generic_N.uasset" 768
"../../../Engine/Plugins/Interchange/Assets/Content/gltf/Textures/T_Generic_N.uexp" 769
"../../../Engine/Plugins/Interchange/Assets/Content/gltf/Textures/T_White_Linear.uasset" 770
"../../../Engine/Plugins/Interchange/Assets/Content/gltf/Textures/T_White_Linear.uexp" 771
"../../../Engine/Plugins/Interchange/Assets/Content/gltf/MaterialFunctions/MF_Clearcoat.uasset" 772
"../../../Engine/Plugins/Interchange/Assets/Content/gltf/MaterialFunctions/MF_Clearcoat.uexp" 773
"../../../Engine/Plugins/Interchange/Assets/Content/gltf/MaterialFunctions/MF_Emissive.uasset" 774
"../../../Engine/Plugins/Interchange/Assets/Content/gltf/MaterialFunctions/MF_Emissive.uexp" 775
"../../../Engine/Plugins/Interchange/Assets/Content/gltf/MaterialFunctions/MF_IOR.uasset" 776
"../../../Engine/Plugins/Interchange/Assets/Content/gltf/MaterialFunctions/MF_IOR.uexp" 777
"../../../Engine/Plugins/Interchange/Assets/Content/Functions/MF_IridescenceNoLUT.uasset" 778
"../../../Engine/Plugins/Interchange/Assets/Content/Functions/MF_IridescenceNoLUT.uexp" 779
"../../../Engine/Plugins/Interchange/Assets/Content/gltf/MaterialFunctions/MF_Iridescence.uasset" 780
"../../../Engine/Plugins/Interchange/Assets/Content/gltf/MaterialFunctions/MF_Iridescence.uexp" 781
"../../../Engine/Plugins/Interchange/Assets/Content/gltf/MaterialFunctions/MF_MetallicRoughness.uasset" 782
"../../../Engine/Plugins/Interchange/Assets/Content/gltf/MaterialFunctions/MF_MetallicRoughness.uexp" 783
"../../../Engine/Plugins/Interchange/Assets/Content/gltf/MaterialFunctions/MF_ScaleNormal.uasset" 784
"../../../Engine/Plugins/Interchange/Assets/Content/gltf/MaterialFunctions/MF_ScaleNormal.uexp" 785
"../../../Engine/Plugins/Interchange/Assets/Content/gltf/MaterialFunctions/MF_Normals.uasset" 786
"../../../Engine/Plugins/Interchange/Assets/Content/gltf/MaterialFunctions/MF_Normals.uexp" 787
"../../../Engine/Plugins/Interchange/Assets/Content/gltf/MaterialFunctions/MF_Occlusion.uasset" 788
"../../../Engine/Plugins/Interchange/Assets/Content/gltf/MaterialFunctions/MF_Occlusion.uexp" 789
"../../../Engine/Plugins/Interchange/Assets/Content/gltf/MaterialFunctions/MF_Specular.uasset" 790
"../../../Engine/Plugins/Interchange/Assets/Content/gltf/MaterialFunctions/MF_Specular.uexp" 791
"../../../Engine/Plugins/Interchange/Assets/Content/gltf/Textures/T_Anisotropy_Direction_Linear.uasset" 792
"../../../Engine/Plugins/Interchange/Assets/Content/gltf/Textures/T_Anisotropy_Direction_Linear.uexp" 793
"../../../Engine/Plugins/Interchange/Assets/Content/gltf/MaterialFunctions/MF_SpecularAnisotropy.uasset" 794
"../../../Engine/Plugins/Interchange/Assets/Content/gltf/MaterialFunctions/MF_SpecularAnisotropy.uexp" 795
"../../../Engine/Plugins/Interchange/Assets/Content/gltf/MaterialFunctions/MF_RotateV2.uasset" 796
"../../../Engine/Plugins/Interchange/Assets/Content/gltf/MaterialFunctions/MF_RotateV2.uexp" 797
"../../../Engine/Plugins/Interchange/Assets/Content/gltf/MaterialFunctions/MF_TransformUVs.uasset" 798
"../../../Engine/Plugins/Interchange/Assets/Content/gltf/MaterialFunctions/MF_TransformUVs.uexp" 799
"../../../Engine/Plugins/Interchange/Assets/Content/gltf/MaterialBodies/MF_ClearCoat_Body.uasset" 800
"../../../Engine/Plugins/Interchange/Assets/Content/gltf/MaterialBodies/MF_ClearCoat_Body.uexp" 801
"../../../Engine/Plugins/Interchange/Assets/Content/gltf/M_ClearCoat.uasset" 802
"../../../Engine/Plugins/Interchange/Assets/Content/gltf/M_ClearCoat.uexp" 803
"../../../Engine/Plugins/Interchange/Assets/Content/gltf/MaterialInstances/MI_ClearCoat_Blend.uasset" 804
"../../../Engine/Plugins/Interchange/Assets/Content/gltf/MaterialInstances/MI_ClearCoat_Blend.uexp" 805
"../../../Engine/Plugins/Interchange/Assets/Content/gltf/MaterialInstances/MI_ClearCoat_Blend_DS.uasset" 806
"../../../Engine/Plugins/Interchange/Assets/Content/gltf/MaterialInstances/MI_ClearCoat_Blend_DS.uexp" 807
"../../../Engine/Plugins/Interchange/Assets/Content/gltf/MaterialInstances/MI_ClearCoat_Mask.uasset" 808
"../../../Engine/Plugins/Interchange/Assets/Content/gltf/MaterialInstances/MI_ClearCoat_Mask.uexp" 809
"../../../Engine/Plugins/Interchange/Assets/Content/gltf/MaterialInstances/MI_ClearCoat_Mask_DS.uasset" 810
"../../../Engine/Plugins/Interchange/Assets/Content/gltf/MaterialInstances/MI_ClearCoat_Mask_DS.uexp" 811
"../../../Engine/Plugins/Interchange/Assets/Content/gltf/MaterialInstances/MI_ClearCoat_Opaque.uasset" 812
"../../../Engine/Plugins/Interchange/Assets/Content/gltf/MaterialInstances/MI_ClearCoat_Opaque.uexp" 813
"../../../Engine/Plugins/Interchange/Assets/Content/gltf/MaterialInstances/MI_ClearCoat_Opaque_DS.uasset" 814
"../../../Engine/Plugins/Interchange/Assets/Content/gltf/MaterialInstances/MI_ClearCoat_Opaque_DS.uexp" 815
"../../../Engine/Plugins/Interchange/Assets/Content/gltf/MaterialBodies/MF_Default_Body.uasset" 816
"../../../Engine/Plugins/Interchange/Assets/Content/gltf/MaterialBodies/MF_Default_Body.uexp" 817
"../../../Engine/Plugins/Interchange/Assets/Content/gltf/M_Default.uasset" 818
"../../../Engine/Plugins/Interchange/Assets/Content/gltf/M_Default.uexp" 819
"../../../Engine/Plugins/Interchange/Assets/Content/gltf/MaterialInstances/MI_Default_Blend.uasset" 820
"../../../Engine/Plugins/Interchange/Assets/Content/gltf/MaterialInstances/MI_Default_Blend.uexp" 821
"../../../Engine/Plugins/Interchange/Assets/Content/gltf/MaterialInstances/MI_Default_Blend_DS.uasset" 822
"../../../Engine/Plugins/Interchange/Assets/Content/gltf/MaterialInstances/MI_Default_Blend_DS.uexp" 823
"../../../Engine/Plugins/Interchange/Assets/Content/gltf/MaterialInstances/MI_Default_Mask.uasset" 824
"../../../Engine/Plugins/Interchange/Assets/Content/gltf/MaterialInstances/MI_Default_Mask.uexp" 825
"../../../Engine/Plugins/Interchange/Assets/Content/gltf/MaterialInstances/MI_Default_Mask_DS.uasset" 826
"../../../Engine/Plugins/Interchange/Assets/Content/gltf/MaterialInstances/MI_Default_Mask_DS.uexp" 827
"../../../Engine/Plugins/Interchange/Assets/Content/gltf/MaterialInstances/MI_Default_Opaque.uasset" 828
"../../../Engine/Plugins/Interchange/Assets/Content/gltf/MaterialInstances/MI_Default_Opaque.uexp" 829
"../../../Engine/Plugins/Interchange/Assets/Content/gltf/MaterialInstances/MI_Default_Opaque_DS.uasset" 830
"../../../Engine/Plugins/Interchange/Assets/Content/gltf/MaterialInstances/MI_Default_Opaque_DS.uexp" 831
"../../../Engine/Plugins/Interchange/Assets/Content/gltf/MaterialFunctions/MF_Sheen.uasset" 832
"../../../Engine/Plugins/Interchange/Assets/Content/gltf/MaterialFunctions/MF_Sheen.uexp" 833
"../../../Engine/Plugins/Interchange/Assets/Content/gltf/MaterialBodies/MF_Sheen_Body.uasset" 834
"../../../Engine/Plugins/Interchange/Assets/Content/gltf/MaterialBodies/MF_Sheen_Body.uexp" 835
"../../../Engine/Plugins/Interchange/Assets/Content/gltf/M_Sheen.uasset" 836
"../../../Engine/Plugins/Interchange/Assets/Content/gltf/M_Sheen.uexp" 837
"../../../Engine/Plugins/Interchange/Assets/Content/gltf/MaterialInstances/MI_Sheen_Blend.uasset" 838
"../../../Engine/Plugins/Interchange/Assets/Content/gltf/MaterialInstances/MI_Sheen_Blend.uexp" 839
"../../../Engine/Plugins/Interchange/Assets/Content/gltf/MaterialInstances/MI_Sheen_Blend_DS.uasset" 840
"../../../Engine/Plugins/Interchange/Assets/Content/gltf/MaterialInstances/MI_Sheen_Blend_DS.uexp" 841
"../../../Engine/Plugins/Interchange/Assets/Content/gltf/MaterialInstances/MI_Sheen_Mask.uasset" 842
"../../../Engine/Plugins/Interchange/Assets/Content/gltf/MaterialInstances/MI_Sheen_Mask.uexp" 843
"../../../Engine/Plugins/Interchange/Assets/Content/gltf/MaterialInstances/MI_Sheen_Mask_DS.uasset" 844
"../../../Engine/Plugins/Interchange/Assets/Content/gltf/MaterialInstances/MI_Sheen_Mask_DS.uexp" 845
"../../../Engine/Plugins/Interchange/Assets/Content/gltf/MaterialInstances/MI_Sheen_Opaque.uasset" 846
"../../../Engine/Plugins/Interchange/Assets/Content/gltf/MaterialInstances/MI_Sheen_Opaque.uexp" 847
"../../../Engine/Plugins/Interchange/Assets/Content/gltf/MaterialInstances/MI_Sheen_Opaque_DS.uasset" 848
"../../../Engine/Plugins/Interchange/Assets/Content/gltf/MaterialInstances/MI_Sheen_Opaque_DS.uexp" 849
"../../../Engine/Plugins/Interchange/Assets/Content/gltf/MaterialFunctions/MF_DiffuseSpecGloss.uasset" 850
"../../../Engine/Plugins/Interchange/Assets/Content/gltf/MaterialFunctions/MF_DiffuseSpecGloss.uexp" 851
"../../../Engine/Plugins/Interchange/Assets/Content/gltf/MaterialFunctions/MF_MaxComponentValue.uasset" 852
"../../../Engine/Plugins/Interchange/Assets/Content/gltf/MaterialFunctions/MF_MaxComponentValue.uexp" 853
"../../../Engine/Content/Functions/Engine_MaterialFunctions02/Math/AddComponents.uasset" 854
"../../../Engine/Content/Functions/Engine_MaterialFunctions02/Math/AddComponents.uexp" 855
"../../../Engine/Plugins/Interchange/Assets/Content/gltf/MaterialFunctions/MF_PerceivedBrightness.uasset" 856
"../../../Engine/Plugins/Interchange/Assets/Content/gltf/MaterialFunctions/MF_PerceivedBrightness.uexp" 857
"../../../Engine/Plugins/Interchange/Assets/Content/gltf/MaterialFunctions/MF_SpecGlossToMetalRoughness.uasset" 858
"../../../Engine/Plugins/Interchange/Assets/Content/gltf/MaterialFunctions/MF_SpecGlossToMetalRoughness.uexp" 859
"../../../Engine/Plugins/Interchange/Assets/Content/gltf/MaterialBodies/MF_SpecularGlossiness_Body.uasset" 860
"../../../Engine/Plugins/Interchange/Assets/Content/gltf/MaterialBodies/MF_SpecularGlossiness_Body.uexp" 861
"../../../Engine/Plugins/Interchange/Assets/Content/gltf/M_SpecularGlossiness.uasset" 862
"../../../Engine/Plugins/Interchange/Assets/Content/gltf/M_SpecularGlossiness.uexp" 863
"../../../Engine/Plugins/Interchange/Assets/Content/gltf/MaterialInstances/MI_SpecularGlossiness_Blend.uasset" 864
"../../../Engine/Plugins/Interchange/Assets/Content/gltf/MaterialInstances/MI_SpecularGlossiness_Blend.uexp" 865
"../../../Engine/Plugins/Interchange/Assets/Content/Functions/MX_ConductorBSDF.uasset" 866
"../../../Engine/Plugins/Interchange/Assets/Content/Functions/MX_ConductorBSDF.uexp" 867
"../../../Engine/Plugins/Interchange/Assets/Content/gltf/MaterialInstances/MI_SpecularGlossiness_Blend_DS.uasset" 868
"../../../Engine/Plugins/Interchange/Assets/Content/gltf/MaterialInstances/MI_SpecularGlossiness_Blend_DS.uexp" 869
"../../../Engine/Plugins/Interchange/Assets/Content/Functions/MX_ConicalEDF.uasset" 870
"../../../Engine/Plugins/Interchange/Assets/Content/Functions/MX_ConicalEDF.uexp" 871
"../../../Engine/Plugins/Interchange/Assets/Content/gltf/MaterialInstances/MI_SpecularGlossiness_Mask.uasset" 872
"../../../Engine/Plugins/Interchange/Assets/Content/gltf/MaterialInstances/MI_SpecularGlossiness_Mask.uexp" 873
"../../../Engine/Plugins/Interchange/Assets/Content/gltf/MaterialInstances/MI_SpecularGlossiness_Mask_DS.uasset" 874
"../../../Engine/Plugins/Interchange/Assets/Content/gltf/MaterialInstances/MI_SpecularGlossiness_Mask_DS.uexp" 875
"../../../Engine/Plugins/Interchange/Assets/Content/gltf/MaterialInstances/MI_SpecularGlossiness_Opaque.uasset" 876
"../../../Engine/Plugins/Interchange/Assets/Content/gltf/MaterialInstances/MI_SpecularGlossiness_Opaque.uexp" 877
"../../../Engine/Plugins/Interchange/Assets/Content/gltf/MaterialInstances/MI_SpecularGlossiness_Opaque_DS.uasset" 878
"../../../Engine/Plugins/Interchange/Assets/Content/gltf/MaterialInstances/MI_SpecularGlossiness_Opaque_DS.uexp" 879
"../../../Engine/Content/EngineMaterials/Good64x64TilingNoiseHighFreq.uasset" 880
"../../../Engine/Content/EngineMaterials/Good64x64TilingNoiseHighFreq.uexp" 881
"../../../Engine/Content/Functions/Engine_MaterialFunctions02/Texturing/ScreenAlignedPixelToPixelUVs.uasset" 882
"../../../Engine/Content/Functions/Engine_MaterialFunctions02/Texturing/ScreenAlignedPixelToPixelUVs.uexp" 883
"../../../Engine/Plugins/Interchange/Assets/Content/gltf/MaterialFunctions/MF_Fresnel_DS.uasset" 884
"../../../Engine/Plugins/Interchange/Assets/Content/gltf/MaterialFunctions/MF_Fresnel_DS.uexp" 885
"../../../Engine/Plugins/Interchange/Assets/Content/gltf/MaterialFunctions/MF_Temporal_Blur.uasset" 886
"../../../Engine/Plugins/Interchange/Assets/Content/gltf/MaterialFunctions/MF_Temporal_Blur.uexp" 887
"../../../Engine/Plugins/Interchange/Assets/Content/gltf/MaterialFunctions/MF_Transmission.uasset" 888
"../../../Engine/Plugins/Interchange/Assets/Content/gltf/MaterialFunctions/MF_Transmission.uexp" 889
"../../../Engine/Plugins/Interchange/Assets/Content/gltf/MaterialBodies/MF_Transmission_Body.uasset" 890
"../../../Engine/Plugins/Interchange/Assets/Content/gltf/MaterialBodies/MF_Transmission_Body.uexp" 891
"../../../Engine/Plugins/Interchange/Assets/Content/gltf/M_Transmission.uasset" 892
"../../../Engine/Plugins/Interchange/Assets/Content/gltf/M_Transmission.uexp" 893
"../../../Engine/Plugins/Interchange/Assets/Content/gltf/MaterialInstances/MI_Transmission.uasset" 894
"../../../Engine/Plugins/Interchange/Assets/Content/gltf/MaterialInstances/MI_Transmission.uexp" 895
"../../../Engine/Plugins/Interchange/Assets/Content/Functions/MX_DielectricBSDF.uasset" 896
"../../../Engine/Plugins/Interchange/Assets/Content/Functions/MX_DielectricBSDF.uexp" 897
"../../../Engine/Plugins/Interchange/Assets/Content/gltf/MaterialInstances/MI_Transmission_DS.uasset" 898
"../../../Engine/Plugins/Interchange/Assets/Content/gltf/MaterialInstances/MI_Transmission_DS.uexp" 899
"../../../Engine/Plugins/Interchange/Assets/Content/gltf/MaterialBodies/MF_Unlit_Body.uasset" 900
"../../../Engine/Plugins/Interchange/Assets/Content/gltf/MaterialBodies/MF_Unlit_Body.uexp" 901
"../../../Engine/Plugins/Interchange/Assets/Content/gltf/M_Unlit.uasset" 902
"../../../Engine/Plugins/Interchange/Assets/Content/gltf/M_Unlit.uexp" 903
"../../../Engine/Plugins/Interchange/Assets/Content/gltf/MaterialInstances/MI_Unlit_Blend.uasset" 904
"../../../Engine/Plugins/Interchange/Assets/Content/gltf/MaterialInstances/MI_Unlit_Blend.uexp" 905
"../../../Engine/Plugins/Interchange/Assets/Content/gltf/MaterialInstances/MI_Unlit_Blend_DS.uasset" 906
"../../../Engine/Plugins/Interchange/Assets/Content/gltf/MaterialInstances/MI_Unlit_Blend_DS.uexp" 907
"../../../Engine/Plugins/Interchange/Assets/Content/gltf/MaterialInstances/MI_Unlit_Mask.uasset" 908
"../../../Engine/Plugins/Interchange/Assets/Content/gltf/MaterialInstances/MI_Unlit_Mask.uexp" 909
"../../../Engine/Plugins/Interchange/Assets/Content/Functions/MX_Displacement.uasset" 910
"../../../Engine/Plugins/Interchange/Assets/Content/Functions/MX_Displacement.uexp" 911
"../../../Engine/Plugins/Interchange/Assets/Content/gltf/MaterialInstances/MI_Unlit_Mask_DS.uasset" 912
"../../../Engine/Plugins/Interchange/Assets/Content/gltf/MaterialInstances/MI_Unlit_Mask_DS.uexp" 913
"../../../Engine/Plugins/Interchange/Assets/Content/gltf/MaterialInstances/MI_Unlit_Opaque.uasset" 914
"../../../Engine/Plugins/Interchange/Assets/Content/gltf/MaterialInstances/MI_Unlit_Opaque.uexp" 915
"../../../Engine/Plugins/Interchange/Assets/Content/Functions/MX_GeneralizedSchlickBSDF.uasset" 916
"../../../Engine/Plugins/Interchange/Assets/Content/Functions/MX_GeneralizedSchlickBSDF.uexp" 917
"../../../Engine/Plugins/Interchange/Assets/Content/gltf/MaterialInstances/MI_Unlit_Opaque_DS.uasset" 918
"../../../Engine/Plugins/Interchange/Assets/Content/gltf/MaterialInstances/MI_Unlit_Opaque_DS.uexp" 919
"../../../Engine/Plugins/Interchange/Assets/Content/Functions/MX_MeasuredEDF.uasset" 920
"../../../Engine/Plugins/Interchange/Assets/Content/Functions/MX_MeasuredEDF.uexp" 921
"../../../Engine/Plugins/Interchange/Assets/Content/Functions/MX_StandardSurface.uasset" 922
"../../../Engine/Plugins/Interchange/Assets/Content/Functions/MX_StandardSurface.uexp" 923
"../../../Engine/Plugins/Interchange/Assets/Content/Functions/MX_OpenPBR_Opaque.uasset" 924
"../../../Engine/Plugins/Interchange/Assets/Content/Functions/MX_OpenPBR_Opaque.uexp" 925
"../../../Engine/Plugins/Interchange/Assets/Content/Functions/MX_TransmissionSurface.uasset" 926
"../../../Engine/Plugins/Interchange/Assets/Content/Functions/MX_TransmissionSurface.uexp" 927
"../../../Engine/Plugins/Interchange/Assets/Content/Functions/MX_OpenPBR_Translucent.uasset" 928
"../../../Engine/Plugins/Interchange/Assets/Content/Functions/MX_OpenPBR_Translucent.uexp" 929
"../../../Engine/Plugins/Interchange/Assets/Content/Functions/MX_OrenNayarBSDF.uasset" 930
"../../../Engine/Plugins/Interchange/Assets/Content/Functions/MX_OrenNayarBSDF.uexp" 931
"../../../Engine/Content/EngineMaterials/Substrate/GLints/AGlintTex2dArray.uasset" 932
"../../../Engine/Content/EngineMaterials/Substrate/GLints/AGlintTex2dArray.uexp" 933
"../../../Engine/Content/ArtTools/RenderToTexture/Meshes/S_1_Unit_Plane.ubulk" 934
"../../../Engine/Content/ArtTools/RenderToTexture/Meshes/S_1_Unit_Plane.uasset" 935
"../../../Engine/Content/ArtTools/RenderToTexture/Meshes/S_1_Unit_Plane.uexp" 936
"../../../Engine/Content/EngineMaterials/Substrate/Glints2/AGlintTex2dArray2.uasset" 937
"../../../Engine/Content/EngineMaterials/Substrate/Glints2/AGlintTex2dArray2.uexp" 938
"../../../Engine/Content/Functions/Engine_MaterialFunctions01/Shading/ConvertFromDiffSpec.uasset" 939
"../../../Engine/Content/Functions/Engine_MaterialFunctions01/Shading/ConvertFromDiffSpec.uexp" 940
"../../../Engine/Content/EngineMaterials/Substrate/Volume/SubstrateSimpleVolumeEnvLUT3D.uasset" 941
"../../../Engine/Content/EngineMaterials/Substrate/Volume/SubstrateSimpleVolumeEnvLUT3D.uexp" 942
"../../../Engine/Content/EngineMaterials/Substrate/Volume/SubstrateSimpleVolumeLUT3D.uasset" 943
"../../../Engine/Content/EngineMaterials/Substrate/Volume/SubstrateSimpleVolumeLUT3D.uexp" 944
"../../../Engine/Content/Functions/Engine_MaterialFunctions01/Shading/PowerToRoughness.uasset" 945
"../../../Engine/Content/Functions/Engine_MaterialFunctions01/Shading/PowerToRoughness.uexp" 946
"../../../Engine/Content/EngineSky/T_Sky_Blue.ubulk" 947
"../../../Engine/Content/EngineSky/T_Sky_Blue.uasset" 948
"../../../Engine/Content/EngineSky/T_Sky_Blue.uexp" 949
"../../../Engine/Content/EngineSky/T_Sky_Clouds_M.ubulk" 950
"../../../Engine/Content/EngineSky/T_Sky_Clouds_M.uasset" 951
"../../../Engine/Content/EngineSky/T_Sky_Clouds_M.uexp" 952
"../../../Engine/Content/EngineSky/T_Sky_Stars.ubulk" 953
"../../../Engine/Content/EngineSky/T_Sky_Stars.uasset" 954
"../../../Engine/Content/EngineSky/T_Sky_Stars.uexp" 955
"../../../Engine/Content/EngineSky/M_Sky_Panning_Clouds2.uasset" 956
"../../../Engine/Content/EngineSky/M_Sky_Panning_Clouds2.uexp" 957
"../../../Engine/Content/EngineSky/SM_SkySphere.ubulk" 958
"../../../Engine/Content/EngineSky/SM_SkySphere.uasset" 959
"../../../Engine/Content/EngineSky/SM_SkySphere.uexp" 960
"../../../Engine/Content/EngineSky/M_SimpleSkyDome.uasset" 961
"../../../Engine/Content/EngineSky/M_SimpleSkyDome.uexp" 962
"../../../Engine/Content/Functions/Engine_MaterialFunctions02/Utility/BreakOutFloat4Components.uasset" 963
"../../../Engine/Content/Functions/Engine_MaterialFunctions02/Utility/BreakOutFloat4Components.uexp" 964
"../../../Engine/Content/Functions/Engine_MaterialFunctions02/Utility/MakeFloat4.uasset" 965
"../../../Engine/Content/Functions/Engine_MaterialFunctions02/Utility/MakeFloat4.uexp" 966
"../../../Engine/Content/EngineResources/DefaultVolumeTexture2D.uasset" 967
"../../../Engine/Content/EngineResources/DefaultVolumeTexture2D.uexp" 968
"../../../Engine/Content/EngineResources/DefaultVolumeTexture.uasset" 969
"../../../Engine/Content/EngineResources/DefaultVolumeTexture.uexp" 970
"../../../Engine/Content/EngineSky/VolumetricClouds/VT_Lightning.uasset" 971
"../../../Engine/Content/EngineSky/VolumetricClouds/VT_Lightning.uexp" 972
"../../../Engine/Content/Functions/Engine_MaterialFunctions01/Units/Km-to-Cm.uasset" 973
"../../../Engine/Content/Functions/Engine_MaterialFunctions01/Units/Km-to-Cm.uexp" 974
"../../../Engine/Content/EngineSky/VolumetricClouds/m_SimpleVolumetricCloud.uasset" 975
"../../../Engine/Content/EngineSky/VolumetricClouds/m_SimpleVolumetricCloud.uexp" 976
"../../../Engine/Content/EngineSky/VolumetricClouds/T_CloudMask.ubulk" 977
"../../../Engine/Content/EngineSky/VolumetricClouds/T_CloudMask.uasset" 978
"../../../Engine/Content/EngineSky/VolumetricClouds/T_CloudMask.uexp" 979
"../../../Engine/Content/EngineSky/VolumetricClouds/T_CloudPattern.ubulk" 980
"../../../Engine/Content/EngineSky/VolumetricClouds/T_CloudPattern.uasset" 981
"../../../Engine/Content/EngineSky/VolumetricClouds/T_CloudPattern.uexp" 982
"../../../Engine/Content/EngineSky/VolumetricClouds/T_Profile_08.ubulk" 983
"../../../Engine/Content/EngineSky/VolumetricClouds/T_Profile_08.uasset" 984
"../../../Engine/Content/EngineSky/VolumetricClouds/T_Profile_08.uexp" 985
"../../../Engine/Content/EngineSky/VolumetricClouds/VT_PerlinWorley_Balanced.uasset" 986
"../../../Engine/Content/EngineSky/VolumetricClouds/VT_PerlinWorley_Balanced.uexp" 987
"../../../Engine/Content/EngineSky/VolumetricClouds/m_SimpleVolumetricCloud_Inst.uasset" 988
"../../../Engine/Content/EngineSky/VolumetricClouds/m_SimpleVolumetricCloud_Inst.uexp" 989
"../../../Engine/Content/BasicShapes/Plane.ubulk" 990
"../../../Engine/Content/BasicShapes/Plane.uasset" 991
"../../../Engine/Content/BasicShapes/Plane.uexp" 992
"../../../Engine/Content/MapTemplates/SM_Template_Map_Floor.ubulk" 993
"../../../Engine/Content/MapTemplates/SM_Template_Map_Floor.uasset" 994
"../../../Engine/Content/MapTemplates/SM_Template_Map_Floor.uexp" 995
"../../../Engine/Content/EngineMaterials/BlendFunc_DefBase.uasset" 996
"../../../Engine/Content/EngineMaterials/BlendFunc_DefBase.uexp" 997
"../../../Engine/Content/EngineMaterials/BlendFunc_DefBlend.uasset" 998
"../../../Engine/Content/EngineMaterials/BlendFunc_DefBlend.uexp" 999
"../../../Engine/Content/Functions/Engine_MaterialFunctions01/Gradient/LinearGradient.uasset" 1000
"../../../Engine/Content/Functions/Engine_MaterialFunctions01/Gradient/LinearGradient.uexp" 1001
"../../../Engine/Content/Functions/Engine_MaterialFunctions01/ImageAdjustment/CheapContrast.uasset" 1002
"../../../Engine/Content/Functions/Engine_MaterialFunctions01/ImageAdjustment/CheapContrast.uexp" 1003
"../../../Engine/Content/OpenWorldTemplate/LandscapeMaterial/T_GridChecker_A.ubulk" 1004
"../../../Engine/Content/OpenWorldTemplate/LandscapeMaterial/T_GridChecker_A.uasset" 1005
"../../../Engine/Content/OpenWorldTemplate/LandscapeMaterial/T_GridChecker_A.uexp" 1006
"../../../Engine/Content/OpenWorldTemplate/LandscapeMaterial/MF_ProcGrid.uasset" 1007
"../../../Engine/Content/OpenWorldTemplate/LandscapeMaterial/MF_ProcGrid.uexp" 1008
"../../../Engine/Content/Functions/Engine_MaterialFunctions03/Blends/Blend_Overlay.uasset" 1009
"../../../Engine/Content/Functions/Engine_MaterialFunctions03/Blends/Blend_Overlay.uexp" 1010
"../../../Engine/Content/OpenWorldTemplate/LandscapeMaterial/M_ProcGrid.uasset" 1011
"../../../Engine/Content/OpenWorldTemplate/LandscapeMaterial/M_ProcGrid.uexp" 1012
"../../../Engine/Content/OpenWorldTemplate/LandscapeMaterial/MI_ProcGrid.uasset" 1013
"../../../Engine/Content/OpenWorldTemplate/LandscapeMaterial/MI_ProcGrid.uexp" 1014
"C:/Users/user/Documents/Unreal Projects/TD_prototype/Content/image/sol_section1.uasset" 1015
"C:/Users/user/Documents/Unreal Projects/TD_prototype/Content/image/sol_section1.uexp" 1016
"C:/Users/user/Documents/Unreal Projects/TD_prototype/Content/Models/Materials/M_groundVillage1.uasset" 1017
"C:/Users/user/Documents/Unreal Projects/TD_prototype/Content/Models/Materials/M_groundVillage1.uexp" 1018
"C:/Users/user/Documents/Unreal Projects/TD_prototype/Content/Sections/BP_Section.uasset" 1019
"C:/Users/user/Documents/Unreal Projects/TD_prototype/Content/Sections/BP_Section.uexp" 1020
"../../../Engine/Content/BasicShapes/Cube.ubulk" 1021
"../../../Engine/Content/BasicShapes/Cube.uasset" 1022
"../../../Engine/Content/BasicShapes/Cube.uexp" 1023
"../../../Engine/Content/BasicShapes/BasicShapeMaterial.uasset" 1024
"../../../Engine/Content/BasicShapes/BasicShapeMaterial.uexp" 1025
"C:/Users/user/Documents/Unreal Projects/TD_prototype/Content/BP_ExclusionTower.uasset" 1026
"C:/Users/user/Documents/Unreal Projects/TD_prototype/Content/BP_ExclusionTower.uexp" 1027
"C:/Users/user/Documents/Unreal Projects/TD_prototype/Content/Models/Materials/M_heart.uasset" 1028
"C:/Users/user/Documents/Unreal Projects/TD_prototype/Content/Models/Materials/M_heart.uexp" 1029
"C:/Users/user/Documents/Unreal Projects/TD_prototype/Content/Models/TD_heart.ubulk" 1030
"C:/Users/user/Documents/Unreal Projects/TD_prototype/Content/Models/TD_heart.uasset" 1031
"C:/Users/user/Documents/Unreal Projects/TD_prototype/Content/Models/TD_heart.uexp" 1032
"C:/Users/user/Documents/Unreal Projects/TD_prototype/Content/BP_Heart.uasset" 1033
"C:/Users/user/Documents/Unreal Projects/TD_prototype/Content/BP_Heart.uexp" 1034
"C:/Users/user/Documents/Unreal Projects/TD_prototype/Content/BP_AIController.uasset" 1035
"C:/Users/user/Documents/Unreal Projects/TD_prototype/Content/BP_AIController.uexp" 1036
"../../../Engine/Content/EngineResources/DefaultTexture.ubulk" 1037
"../../../Engine/Content/EngineResources/DefaultTexture.uasset" 1038
"../../../Engine/Content/EngineResources/DefaultTexture.uexp" 1039
"../../../Engine/Content/EngineMaterials/DefaultNormal.ubulk" 1040
"../../../Engine/Content/EngineMaterials/DefaultNormal.uasset" 1041
"../../../Engine/Content/EngineMaterials/DefaultNormal.uexp" 1042
"../../../Engine/Content/Functions/Engine_MaterialFunctions03/Procedurals/NormalFromHeightmap.uasset" 1043
"../../../Engine/Content/Functions/Engine_MaterialFunctions03/Procedurals/NormalFromHeightmap.uexp" 1044
"../../../Engine/Plugins/Interchange/Assets/Content/Functions/MF_PhongToMetalRoughness.uasset" 1045
"../../../Engine/Plugins/Interchange/Assets/Content/Functions/MF_PhongToMetalRoughness.uexp" 1046
"../../../Engine/Plugins/Interchange/Assets/Content/Materials/FBXLegacyPhongSurfaceMaterial.uasset" 1047
"../../../Engine/Plugins/Interchange/Assets/Content/Materials/FBXLegacyPhongSurfaceMaterial.uexp" 1048
"C:/Users/user/Documents/Unreal Projects/TD_prototype/Content/VoxModels/Vox_materialAndTexture/tile_1I.ubulk" 1049
"C:/Users/user/Documents/Unreal Projects/TD_prototype/Content/VoxModels/Vox_materialAndTexture/tile_1I.uasset" 1050
"C:/Users/user/Documents/Unreal Projects/TD_prototype/Content/VoxModels/Vox_materialAndTexture/tile_1I.uexp" 1051
"C:/Users/user/Documents/Unreal Projects/TD_prototype/Content/VoxModels/Vox_materialAndTexture/palette.uasset" 1052
"C:/Users/user/Documents/Unreal Projects/TD_prototype/Content/VoxModels/Vox_materialAndTexture/palette.uexp" 1053
"C:/Users/user/Documents/Unreal Projects/TD_prototype/Content/VoxModels/ground/placeHolder1.ubulk" 1054
"C:/Users/user/Documents/Unreal Projects/TD_prototype/Content/VoxModels/ground/placeHolder1.uasset" 1055
"C:/Users/user/Documents/Unreal Projects/TD_prototype/Content/VoxModels/ground/placeHolder1.uexp" 1056
"C:/Users/user/Documents/Unreal Projects/TD_prototype/Content/Sections/SectionGen.uasset" 1057
"C:/Users/user/Documents/Unreal Projects/TD_prototype/Content/Sections/SectionGen.uexp" 1058
"C:/Users/user/Documents/Unreal Projects/TD_prototype/Content/Buildings/BuildingRessources/BuildingRessource.uasset" 1059
"C:/Users/user/Documents/Unreal Projects/TD_prototype/Content/Buildings/BuildingRessources/BuildingRessource.uexp" 1060
"C:/Users/user/Documents/Unreal Projects/TD_prototype/Content/SoulsUpgrade/DA_SoulUpgrade.uasset" 1061
"C:/Users/user/Documents/Unreal Projects/TD_prototype/Content/SoulsUpgrade/DA_SoulUpgrade.uexp" 1062
"C:/Users/user/Documents/Unreal Projects/TD_prototype/Content/BP_ExclusionBuildings.uasset" 1063
"C:/Users/user/Documents/Unreal Projects/TD_prototype/Content/BP_ExclusionBuildings.uexp" 1064
"C:/Users/user/Documents/Unreal Projects/TD_prototype/Content/Models/Materials/Material_water.uasset" 1065
"C:/Users/user/Documents/Unreal Projects/TD_prototype/Content/Models/Materials/Material_water.uexp" 1066
"C:/Users/user/Documents/Unreal Projects/TD_prototype/Content/Models/texture/BakeTextureTop.ubulk" 1067
"C:/Users/user/Documents/Unreal Projects/TD_prototype/Content/Models/texture/BakeTextureTop.uasset" 1068
"C:/Users/user/Documents/Unreal Projects/TD_prototype/Content/Models/texture/BakeTextureTop.uexp" 1069
"C:/Users/user/Documents/Unreal Projects/TD_prototype/Content/Models/Materials/Material_005.uasset" 1070
"C:/Users/user/Documents/Unreal Projects/TD_prototype/Content/Models/Materials/Material_005.uexp" 1071
"C:/Users/user/Documents/Unreal Projects/TD_prototype/Content/Models/texture/BakeTextureBase.ubulk" 1072
"C:/Users/user/Documents/Unreal Projects/TD_prototype/Content/Models/texture/BakeTextureBase.uasset" 1073
"C:/Users/user/Documents/Unreal Projects/TD_prototype/Content/Models/texture/BakeTextureBase.uexp" 1074
"C:/Users/user/Documents/Unreal Projects/TD_prototype/Content/Models/Materials/Material_006.uasset" 1075
"C:/Users/user/Documents/Unreal Projects/TD_prototype/Content/Models/Materials/Material_006.uexp" 1076
"C:/Users/user/Documents/Unreal Projects/TD_prototype/Content/Models/TD_puits.ubulk" 1077
"C:/Users/user/Documents/Unreal Projects/TD_prototype/Content/Models/TD_puits.uasset" 1078
"C:/Users/user/Documents/Unreal Projects/TD_prototype/Content/Models/TD_puits.uexp" 1079
"C:/Users/user/Documents/Unreal Projects/TD_prototype/Content/VoxModels/Vox_materialAndTexture/House.ubulk" 1080
"C:/Users/user/Documents/Unreal Projects/TD_prototype/Content/VoxModels/Vox_materialAndTexture/House.uasset" 1081
"C:/Users/user/Documents/Unreal Projects/TD_prototype/Content/VoxModels/Vox_materialAndTexture/House.uexp" 1082
"C:/Users/user/Documents/Unreal Projects/TD_prototype/Content/VoxModels/Vox_materialAndTexture/palette_007.uasset" 1083
"C:/Users/user/Documents/Unreal Projects/TD_prototype/Content/VoxModels/Vox_materialAndTexture/palette_007.uexp" 1084
"C:/Users/user/Documents/Unreal Projects/TD_prototype/Content/VoxModels/Building/House.ubulk" 1085
"C:/Users/user/Documents/Unreal Projects/TD_prototype/Content/VoxModels/Building/House.uasset" 1086
"C:/Users/user/Documents/Unreal Projects/TD_prototype/Content/VoxModels/Building/House.uexp" 1087
"C:/Users/user/Documents/Unreal Projects/TD_prototype/Content/Walls/BP_Wall.uasset" 1088
"C:/Users/user/Documents/Unreal Projects/TD_prototype/Content/Walls/BP_Wall.uexp" 1089
"C:/Users/user/Documents/Unreal Projects/TD_prototype/Content/VoxModels/ground/Tile_corner.ubulk" 1090
"C:/Users/user/Documents/Unreal Projects/TD_prototype/Content/VoxModels/ground/Tile_corner.uasset" 1091
"C:/Users/user/Documents/Unreal Projects/TD_prototype/Content/VoxModels/ground/Tile_corner.uexp" 1092
"C:/Users/user/Documents/Unreal Projects/TD_prototype/Content/Walls/BP_wall_corner.uasset" 1093
"C:/Users/user/Documents/Unreal Projects/TD_prototype/Content/Walls/BP_wall_corner.uexp" 1094
"C:/Users/user/Documents/Unreal Projects/TD_prototype/Content/VoxModels/Props/Vox_Wall.ubulk" 1095
"C:/Users/user/Documents/Unreal Projects/TD_prototype/Content/VoxModels/Props/Vox_Wall.uasset" 1096
"C:/Users/user/Documents/Unreal Projects/TD_prototype/Content/VoxModels/Props/Vox_Wall.uexp" 1097
"C:/Users/user/Documents/Unreal Projects/TD_prototype/Content/PixelImage/sol-Village.uasset" 1098
"C:/Users/user/Documents/Unreal Projects/TD_prototype/Content/PixelImage/sol-Village.uexp" 1099
"C:/Users/user/Documents/Unreal Projects/TD_prototype/Content/PixelImage/sol-Village_Mat.uasset" 1100
"C:/Users/user/Documents/Unreal Projects/TD_prototype/Content/PixelImage/sol-Village_Mat.uexp" 1101
"C:/Users/user/Documents/Unreal Projects/TD_prototype/Content/BP_Village.uasset" 1102
"C:/Users/user/Documents/Unreal Projects/TD_prototype/Content/BP_Village.uexp" 1103
"C:/Users/user/Documents/Unreal Projects/TD_prototype/Content/image/tower.uasset" 1104
"C:/Users/user/Documents/Unreal Projects/TD_prototype/Content/image/tower.uexp" 1105
"C:/Users/user/Documents/Unreal Projects/TD_prototype/Content/WaveReward/AddTower.uasset" 1106
"C:/Users/user/Documents/Unreal Projects/TD_prototype/Content/WaveReward/AddTower.uexp" 1107
"C:/Users/user/Documents/Unreal Projects/TD_prototype/Content/image/heart.uasset" 1108
"C:/Users/user/Documents/Unreal Projects/TD_prototype/Content/image/heart.uexp" 1109
"C:/Users/user/Documents/Unreal Projects/TD_prototype/Content/WaveReward/lifeUp_50.uasset" 1110
"C:/Users/user/Documents/Unreal Projects/TD_prototype/Content/WaveReward/lifeUp_50.uexp" 1111
"C:/Users/user/Documents/Unreal Projects/TD_prototype/Content/PixelImage/bulle.uasset" 1112
"C:/Users/user/Documents/Unreal Projects/TD_prototype/Content/PixelImage/bulle.uexp" 1113
"C:/Users/user/Documents/Unreal Projects/TD_prototype/Content/PixelImage/Button_1_2.uasset" 1114
"C:/Users/user/Documents/Unreal Projects/TD_prototype/Content/PixelImage/Button_1_2.uexp" 1115
"C:/Users/user/Documents/Unreal Projects/TD_prototype/Content/PixelImage/Button_1_2_hovered.uasset" 1116
"C:/Users/user/Documents/Unreal Projects/TD_prototype/Content/PixelImage/Button_1_2_hovered.uexp" 1117
"C:/Users/user/Documents/Unreal Projects/TD_prototype/Content/PixelImage/Button_1_2_pressed.uasset" 1118
"C:/Users/user/Documents/Unreal Projects/TD_prototype/Content/PixelImage/Button_1_2_pressed.uexp" 1119
"C:/Users/user/Documents/Unreal Projects/TD_prototype/Content/PixelImage/mage.uasset" 1120
"C:/Users/user/Documents/Unreal Projects/TD_prototype/Content/PixelImage/mage.uexp" 1121
"C:/Users/user/Documents/Unreal Projects/TD_prototype/Content/UI/Tutorial/UW_Tuto.uasset" 1122
"C:/Users/user/Documents/Unreal Projects/TD_prototype/Content/UI/Tutorial/UW_Tuto.uexp" 1123
"C:/Users/user/Documents/Unreal Projects/TD_prototype/Content/SoulsUpgrade/baseDamage.uasset" 1124
"C:/Users/user/Documents/Unreal Projects/TD_prototype/Content/SoulsUpgrade/baseDamage.uexp" 1125
"C:/Users/user/Documents/Unreal Projects/TD_prototype/Content/Buildings/BuildingRessources/Telescope.uasset" 1126
"C:/Users/user/Documents/Unreal Projects/TD_prototype/Content/Buildings/BuildingRessources/Telescope.uexp" 1127
"C:/Users/user/Documents/Unreal Projects/TD_prototype/Content/SoulsUpgrade/baseRange.uasset" 1128
"C:/Users/user/Documents/Unreal Projects/TD_prototype/Content/SoulsUpgrade/baseRange.uexp" 1129
"C:/Users/user/Documents/Unreal Projects/TD_prototype/Content/Buildings/BuildingRessources/Aconit.uasset" 1130
"C:/Users/user/Documents/Unreal Projects/TD_prototype/Content/Buildings/BuildingRessources/Aconit.uexp" 1131
"C:/Users/user/Documents/Unreal Projects/TD_prototype/Content/Buildings/BuildingRessources/TeslaBobine.uasset" 1132
"C:/Users/user/Documents/Unreal Projects/TD_prototype/Content/Buildings/BuildingRessources/TeslaBobine.uexp" 1133
"C:/Users/user/Documents/Unreal Projects/TD_prototype/Content/Buildings/BuildingRessources/IceHeart.uasset" 1134
"C:/Users/user/Documents/Unreal Projects/TD_prototype/Content/Buildings/BuildingRessources/IceHeart.uexp" 1135
"C:/Users/user/Documents/Unreal Projects/TD_prototype/Content/Buildings/BuildingRessources/BloodClot.uasset" 1136
"C:/Users/user/Documents/Unreal Projects/TD_prototype/Content/Buildings/BuildingRessources/BloodClot.uexp" 1137
"C:/Users/user/Documents/Unreal Projects/TD_prototype/Content/SoulsUpgrade/lifeLeechBonus.uasset" 1138
"C:/Users/user/Documents/Unreal Projects/TD_prototype/Content/SoulsUpgrade/lifeLeechBonus.uexp" 1139
"C:/Users/user/Documents/Unreal Projects/TD_prototype/Content/SoulsUpgrade/LightningChainTargetPlus.uasset" 1140
"C:/Users/user/Documents/Unreal Projects/TD_prototype/Content/SoulsUpgrade/LightningChainTargetPlus.uexp" 1141
"C:/Users/user/Documents/Unreal Projects/TD_prototype/Content/Buildings/BuildingRessources/MagmaHeart.uasset" 1142
"C:/Users/user/Documents/Unreal Projects/TD_prototype/Content/Buildings/BuildingRessources/MagmaHeart.uexp" 1143
"C:/Users/user/Documents/Unreal Projects/TD_prototype/Content/SoulsUpgrade/explosionRadiusBonus.uasset" 1144
"C:/Users/user/Documents/Unreal Projects/TD_prototype/Content/SoulsUpgrade/explosionRadiusBonus.uexp" 1145
"C:/Users/user/Documents/Unreal Projects/TD_prototype/Content/SoulsUpgrade/gold.uasset" 1146
"C:/Users/user/Documents/Unreal Projects/TD_prototype/Content/SoulsUpgrade/gold.uexp" 1147
"C:/Users/user/Documents/Unreal Projects/TD_prototype/Content/SoulsUpgrade/Struct_SoulUpgrade.uasset" 1148
"C:/Users/user/Documents/Unreal Projects/TD_prototype/Content/SoulsUpgrade/Struct_SoulUpgrade.uexp" 1149
"C:/Users/user/Documents/Unreal Projects/TD_prototype/Content/image/tower_Upgrade.uasset" 1150
"C:/Users/user/Documents/Unreal Projects/TD_prototype/Content/image/tower_Upgrade.uexp" 1151
"C:/Users/user/Documents/Unreal Projects/TD_prototype/Content/WaveReward/TowerLvlUP.uasset" 1152
"C:/Users/user/Documents/Unreal Projects/TD_prototype/Content/WaveReward/TowerLvlUP.uexp" 1153
"C:/Users/user/Documents/Unreal Projects/TD_prototype/Content/Save/SG_Save.uasset" 1154
"C:/Users/user/Documents/Unreal Projects/TD_prototype/Content/Save/SG_Save.uexp" 1155
"C:/Users/user/Documents/Unreal Projects/TD_prototype/Content/Models/section/sectionMaterialAndTexture/tile_1I.ubulk" 1156
"C:/Users/user/Documents/Unreal Projects/TD_prototype/Content/Models/section/sectionMaterialAndTexture/tile_1I.uasset" 1157
"C:/Users/user/Documents/Unreal Projects/TD_prototype/Content/Models/section/sectionMaterialAndTexture/tile_1I.uexp" 1158
"C:/Users/user/Documents/Unreal Projects/TD_prototype/Content/Models/section/sectionMaterialAndTexture/palette.uasset" 1159
"C:/Users/user/Documents/Unreal Projects/TD_prototype/Content/Models/section/sectionMaterialAndTexture/palette.uexp" 1160
"C:/Users/user/Documents/Unreal Projects/TD_prototype/Content/VoxModels/ground/placeHolder2.ubulk" 1161
"C:/Users/user/Documents/Unreal Projects/TD_prototype/Content/VoxModels/ground/placeHolder2.uasset" 1162
"C:/Users/user/Documents/Unreal Projects/TD_prototype/Content/VoxModels/ground/placeHolder2.uexp" 1163
"C:/Users/user/Documents/Unreal Projects/TD_prototype/Content/Sections/SectionGen2.uasset" 1164
"C:/Users/user/Documents/Unreal Projects/TD_prototype/Content/Sections/SectionGen2.uexp" 1165
"C:/Users/user/Documents/Unreal Projects/TD_prototype/Content/UI/Tutorial/Tuto_Intro.uasset" 1166
"C:/Users/user/Documents/Unreal Projects/TD_prototype/Content/UI/Tutorial/Tuto_Intro.uexp" 1167
"C:/Users/user/Documents/Unreal Projects/TD_prototype/Content/image/green_arrow.uasset" 1168
"C:/Users/user/Documents/Unreal Projects/TD_prototype/Content/image/green_arrow.uexp" 1169
"C:/Users/user/Documents/Unreal Projects/TD_prototype/Content/UI/Tutorial/Tuto_Section.uasset" 1170
"C:/Users/user/Documents/Unreal Projects/TD_prototype/Content/UI/Tutorial/Tuto_Section.uexp" 1171
"C:/Users/user/Documents/Unreal Projects/TD_prototype/Content/UI/Tutorial/Tuto_Tower.uasset" 1172
"C:/Users/user/Documents/Unreal Projects/TD_prototype/Content/UI/Tutorial/Tuto_Tower.uexp" 1173
"C:/Users/user/Documents/Unreal Projects/TD_prototype/Content/UI/Tutorial/Tuto_Village.uasset" 1174
"C:/Users/user/Documents/Unreal Projects/TD_prototype/Content/UI/Tutorial/Tuto_Village.uexp" 1175
"C:/Users/user/Documents/Unreal Projects/TD_prototype/Content/UI/Tutorial/Tuto_Item.uasset" 1176
"C:/Users/user/Documents/Unreal Projects/TD_prototype/Content/UI/Tutorial/Tuto_Item.uexp" 1177
"C:/Users/user/Documents/Unreal Projects/TD_prototype/Content/UI/Tutorial/UpgradeTuto_Tower.uasset" 1178
"C:/Users/user/Documents/Unreal Projects/TD_prototype/Content/UI/Tutorial/UpgradeTuto_Tower.uexp" 1179
"C:/Users/user/Documents/Unreal Projects/TD_prototype/Content/GI_gameInstance.uasset" 1180
"C:/Users/user/Documents/Unreal Projects/TD_prototype/Content/GI_gameInstance.uexp" 1181
"C:/Users/user/Documents/Unreal Projects/TD_prototype/Content/Models/Materials/Material_blanc.uasset" 1182
"C:/Users/user/Documents/Unreal Projects/TD_prototype/Content/Models/Materials/Material_blanc.uexp" 1183
"C:/Users/user/Documents/Unreal Projects/TD_prototype/Content/Models/Materials/M_monsterBlue.uasset" 1184
"C:/Users/user/Documents/Unreal Projects/TD_prototype/Content/Models/Materials/M_monsterBlue.uexp" 1185
"C:/Users/user/Documents/Unreal Projects/TD_prototype/Content/Models/Materials/Material_black.uasset" 1186
"C:/Users/user/Documents/Unreal Projects/TD_prototype/Content/Models/Materials/Material_black.uexp" 1187
"C:/Users/user/Documents/Unreal Projects/TD_prototype/Content/Models/Materials/M_monsterGreen.uasset" 1188
"C:/Users/user/Documents/Unreal Projects/TD_prototype/Content/Models/Materials/M_monsterGreen.uexp" 1189
"C:/Users/user/Documents/Unreal Projects/TD_prototype/Content/Models/Monsters/Monster_1-1.ubulk" 1190
"C:/Users/user/Documents/Unreal Projects/TD_prototype/Content/Models/Monsters/Monster_1-1.uasset" 1191
"C:/Users/user/Documents/Unreal Projects/TD_prototype/Content/Models/Monsters/Monster_1-1.uexp" 1192
"C:/Users/user/Documents/Unreal Projects/TD_prototype/Content/Ennemies/BP_Enemy.uasset" 1193
"C:/Users/user/Documents/Unreal Projects/TD_prototype/Content/Ennemies/BP_Enemy.uexp" 1194
"C:/Users/user/Documents/Unreal Projects/TD_prototype/Content/ShooterItem/DA_ShooterItem.uasset" 1195
"C:/Users/user/Documents/Unreal Projects/TD_prototype/Content/ShooterItem/DA_ShooterItem.uexp" 1196
"C:/Users/user/Documents/Unreal Projects/TD_prototype/Content/ShooterItem/Basic.uasset" 1197
"C:/Users/user/Documents/Unreal Projects/TD_prototype/Content/ShooterItem/Basic.uexp" 1198
"C:/Users/user/Documents/Unreal Projects/TD_prototype/Content/image/base.uasset" 1199
"C:/Users/user/Documents/Unreal Projects/TD_prototype/Content/image/base.uexp" 1200
"C:/Users/user/Documents/Unreal Projects/TD_prototype/Content/ShooterItem/Obj_TowerItem.uasset" 1201
"C:/Users/user/Documents/Unreal Projects/TD_prototype/Content/ShooterItem/Obj_TowerItem.uexp" 1202
"C:/Users/user/Documents/Unreal Projects/TD_prototype/Content/WaveReward/RewardType.uasset" 1203
"C:/Users/user/Documents/Unreal Projects/TD_prototype/Content/WaveReward/RewardType.uexp" 1204
"C:/Users/user/Documents/Unreal Projects/TD_prototype/Content/WaveReward/DA_WaveReward.uasset" 1205
"C:/Users/user/Documents/Unreal Projects/TD_prototype/Content/WaveReward/DA_WaveReward.uexp" 1206
"C:/Users/user/Documents/Unreal Projects/TD_prototype/Content/Font/Agbalumo-Regular.uexp" 1207
"C:/Users/user/Documents/Unreal Projects/TD_prototype/Content/Font/Agbalumo-Regular.uasset" 1208
"C:/Users/user/Documents/Unreal Projects/TD_prototype/Content/Font/Agbalumo-Regular.ufont" 1209
"C:/Users/user/Documents/Unreal Projects/TD_prototype/Content/Font/Agbalumo-Regular_Font.uasset" 1210
"C:/Users/user/Documents/Unreal Projects/TD_prototype/Content/Font/Agbalumo-Regular_Font.uexp" 1211
"C:/Users/user/Documents/Unreal Projects/TD_prototype/Content/image/soulCoin.uasset" 1212
"C:/Users/user/Documents/Unreal Projects/TD_prototype/Content/image/soulCoin.uexp" 1213
"C:/Users/user/Documents/Unreal Projects/TD_prototype/Content/image/test_square_ui_elem.uasset" 1214
"C:/Users/user/Documents/Unreal Projects/TD_prototype/Content/image/test_square_ui_elem.uexp" 1215
"C:/Users/user/Documents/Unreal Projects/TD_prototype/Content/UI/City/UW_SoulsMenuElem.uasset" 1216
"C:/Users/user/Documents/Unreal Projects/TD_prototype/Content/UI/City/UW_SoulsMenuElem.uexp" 1217
"C:/Users/user/Documents/Unreal Projects/TD_prototype/Content/UI/City/UW_SoulsMenu.uasset" 1218
"C:/Users/user/Documents/Unreal Projects/TD_prototype/Content/UI/City/UW_SoulsMenu.uexp" 1219
"C:/Users/user/Documents/Unreal Projects/TD_prototype/Content/Models/Materials/Material_003.uasset" 1220
"C:/Users/user/Documents/Unreal Projects/TD_prototype/Content/Models/Materials/Material_003.uexp" 1221
"C:/Users/user/Documents/Unreal Projects/TD_prototype/Content/Models/Materials/Material_004.uasset" 1222
"C:/Users/user/Documents/Unreal Projects/TD_prototype/Content/Models/Materials/Material_004.uexp" 1223
"C:/Users/user/Documents/Unreal Projects/TD_prototype/Content/Models/House1.ubulk" 1224
"C:/Users/user/Documents/Unreal Projects/TD_prototype/Content/Models/House1.uasset" 1225
"C:/Users/user/Documents/Unreal Projects/TD_prototype/Content/Models/House1.uexp" 1226
"C:/Users/user/Documents/Unreal Projects/TD_prototype/Content/Buildings/Building.uasset" 1227
"C:/Users/user/Documents/Unreal Projects/TD_prototype/Content/Buildings/Building.uexp" 1228
"C:/Users/user/Documents/Unreal Projects/TD_prototype/Content/PixelImage/ItemContainer.uasset" 1229
"C:/Users/user/Documents/Unreal Projects/TD_prototype/Content/PixelImage/ItemContainer.uexp" 1230
"C:/Users/user/Documents/Unreal Projects/TD_prototype/Content/UI/BP_dragAndDrop.uasset" 1231
"C:/Users/user/Documents/Unreal Projects/TD_prototype/Content/UI/BP_dragAndDrop.uexp" 1232
"C:/Users/user/Documents/Unreal Projects/TD_prototype/Content/UI/UW_dragUI.uasset" 1233
"C:/Users/user/Documents/Unreal Projects/TD_prototype/Content/UI/UW_dragUI.uexp" 1234
"C:/Users/user/Documents/Unreal Projects/TD_prototype/Content/UI/TowerDefense/UW_TowerItem.uasset" 1235
"C:/Users/user/Documents/Unreal Projects/TD_prototype/Content/UI/TowerDefense/UW_TowerItem.uexp" 1236
"../../../Engine/Content/MapTemplates/Materials/BasicAsset03.uasset" 1237
"../../../Engine/Content/MapTemplates/Materials/BasicAsset03.uexp" 1238
"C:/Users/user/Documents/Unreal Projects/TD_prototype/Content/Models/Materials/Material_red.uasset" 1239
"C:/Users/user/Documents/Unreal Projects/TD_prototype/Content/Models/Materials/Material_red.uexp" 1240
"C:/Users/user/Documents/Unreal Projects/TD_prototype/Content/Models/Materials/Material_crystal.uasset" 1241
"C:/Users/user/Documents/Unreal Projects/TD_prototype/Content/Models/Materials/Material_crystal.uexp" 1242
"C:/Users/user/Documents/Unreal Projects/TD_prototype/Content/Models/texture/Material_002_Base_Color.ubulk" 1243
"C:/Users/user/Documents/Unreal Projects/TD_prototype/Content/Models/texture/Material_002_Base_Color.uasset" 1244
"C:/Users/user/Documents/Unreal Projects/TD_prototype/Content/Models/texture/Material_002_Base_Color.uexp" 1245
"C:/Users/user/Documents/Unreal Projects/TD_prototype/Content/Models/Materials/Material_tower.uasset" 1246
"C:/Users/user/Documents/Unreal Projects/TD_prototype/Content/Models/Materials/Material_tower.uexp" 1247
"C:/Users/user/Documents/Unreal Projects/TD_prototype/Content/BP_TowerManager.uasset" 1248
"C:/Users/user/Documents/Unreal Projects/TD_prototype/Content/BP_TowerManager.uexp" 1249
"C:/Users/user/Documents/Unreal Projects/TD_prototype/Content/PixelImage/Button_1_3.uasset" 1250
"C:/Users/user/Documents/Unreal Projects/TD_prototype/Content/PixelImage/Button_1_3.uexp" 1251
"C:/Users/user/Documents/Unreal Projects/TD_prototype/Content/PixelImage/Button_1_3_hovered.uasset" 1252
"C:/Users/user/Documents/Unreal Projects/TD_prototype/Content/PixelImage/Button_1_3_hovered.uexp" 1253
"C:/Users/user/Documents/Unreal Projects/TD_prototype/Content/PixelImage/Button_1_3_pressed.uasset" 1254
"C:/Users/user/Documents/Unreal Projects/TD_prototype/Content/PixelImage/Button_1_3_pressed.uexp" 1255
"C:/Users/user/Documents/Unreal Projects/TD_prototype/Content/PixelImage/TowerCase.uasset" 1256
"C:/Users/user/Documents/Unreal Projects/TD_prototype/Content/PixelImage/TowerCase.uexp" 1257
"C:/Users/user/Documents/Unreal Projects/TD_prototype/Content/UI/TowerDefense/TowerCase.uasset" 1258
"C:/Users/user/Documents/Unreal Projects/TD_prototype/Content/UI/TowerDefense/TowerCase.uexp" 1259
"C:/Users/user/Documents/Unreal Projects/TD_prototype/Content/UI/TowerDefense/UW_TowerItemContainer.uasset" 1260
"C:/Users/user/Documents/Unreal Projects/TD_prototype/Content/UI/TowerDefense/UW_TowerItemContainer.uexp" 1261
"C:/Users/user/Documents/Unreal Projects/TD_prototype/Content/PixelImage/tower.uasset" 1262
"C:/Users/user/Documents/Unreal Projects/TD_prototype/Content/PixelImage/tower.uexp" 1263
"C:/Users/user/Documents/Unreal Projects/TD_prototype/Content/UI/TowerDefense/UW_UpgradeTower_Button.uasset" 1264
"C:/Users/user/Documents/Unreal Projects/TD_prototype/Content/UI/TowerDefense/UW_UpgradeTower_Button.uexp" 1265
"C:/Users/user/Documents/Unreal Projects/TD_prototype/Content/UI/TowerDefense/UW_TowerMenu.uasset" 1266
"C:/Users/user/Documents/Unreal Projects/TD_prototype/Content/UI/TowerDefense/UW_TowerMenu.uexp" 1267
"../../../Engine/Content/Functions/Engine_MaterialFunctions01/Density/ExponentialDensity.uasset" 1268
"../../../Engine/Content/Functions/Engine_MaterialFunctions01/Density/ExponentialDensity.uexp" 1269
"../../../Engine/Content/Functions/Engine_MaterialFunctions01/Gradient/RadialGradientExponential.uasset" 1270
"../../../Engine/Content/Functions/Engine_MaterialFunctions01/Gradient/RadialGradientExponential.uexp" 1271
"C:/Users/user/Documents/Unreal Projects/TD_prototype/Content/FX/test_Fire.ubulk" 1272
"C:/Users/user/Documents/Unreal Projects/TD_prototype/Content/FX/test_Fire.uasset" 1273
"C:/Users/user/Documents/Unreal Projects/TD_prototype/Content/FX/test_Fire.uexp" 1274
"C:/Users/user/Documents/Unreal Projects/TD_prototype/Content/FX/M_trail.uasset" 1275
"C:/Users/user/Documents/Unreal Projects/TD_prototype/Content/FX/M_trail.uexp" 1276
"C:/Users/user/Documents/Unreal Projects/TD_prototype/Content/FX/NI_TestShoot1.uasset" 1277
"C:/Users/user/Documents/Unreal Projects/TD_prototype/Content/FX/NI_TestShoot1.uexp" 1278
"C:/Users/user/Documents/Unreal Projects/TD_prototype/Content/BP_Projectile.uasset" 1279
"C:/Users/user/Documents/Unreal Projects/TD_prototype/Content/BP_Projectile.uexp" 1280
"C:/Users/user/Documents/Unreal Projects/TD_prototype/Content/PixelImage/Range_Icon.uasset" 1281
"C:/Users/user/Documents/Unreal Projects/TD_prototype/Content/PixelImage/Range_Icon.uexp" 1282
"C:/Users/user/Documents/Unreal Projects/TD_prototype/Content/ShooterItem/Obj_TowerItem_RangeUp.uasset" 1283
"C:/Users/user/Documents/Unreal Projects/TD_prototype/Content/ShooterItem/Obj_TowerItem_RangeUp.uexp" 1284
"C:/Users/user/Documents/Unreal Projects/TD_prototype/Content/image/rate.uasset" 1285
"C:/Users/user/Documents/Unreal Projects/TD_prototype/Content/image/rate.uexp" 1286
"C:/Users/user/Documents/Unreal Projects/TD_prototype/Content/Models/Materials/M_rate.uasset" 1287
"C:/Users/user/Documents/Unreal Projects/TD_prototype/Content/Models/Materials/M_rate.uexp" 1288
"C:/Users/user/Documents/Unreal Projects/TD_prototype/Content/Models/rate.ubulk" 1289
"C:/Users/user/Documents/Unreal Projects/TD_prototype/Content/Models/rate.uasset" 1290
"C:/Users/user/Documents/Unreal Projects/TD_prototype/Content/Models/rate.uexp" 1291
"C:/Users/user/Documents/Unreal Projects/TD_prototype/Content/ShooterItem/Obj_TowerItem_ShootRate.uasset" 1292
"C:/Users/user/Documents/Unreal Projects/TD_prototype/Content/ShooterItem/Obj_TowerItem_ShootRate.uexp" 1293
"../../../Engine/Content/EngineSounds/Normal_Attack.uasset" 1294
"../../../Engine/Content/EngineSounds/Normal_Attack.uexp" 1295
"../../../Engine/Content/EngineSounds/Master.uasset" 1296
"../../../Engine/Content/EngineSounds/Master.uexp" 1297
"../../../Engine/Content/EngineSounds/Duck_Normal_Attack_MixMod.uasset" 1298
"../../../Engine/Content/EngineSounds/Duck_Normal_Attack_MixMod.uexp" 1299
"../../../Engine/Content/EngineSounds/Special_Attack_PSM.uasset" 1300
"../../../Engine/Content/EngineSounds/Special_Attack_PSM.uexp" 1301
"../../../Engine/Content/EngineSounds/SFX.uasset" 1302
"../../../Engine/Content/EngineSounds/SFX.uexp" 1303
"C:/Users/user/Documents/Unreal Projects/TD_prototype/Content/ProSoundCollection_v1_3/Sci-Fi_Weapons/Wavs/sci-fi_weapon_blaster_laser_boom_zap_01.ubulk" 1304
"C:/Users/user/Documents/Unreal Projects/TD_prototype/Content/ProSoundCollection_v1_3/Sci-Fi_Weapons/Wavs/sci-fi_weapon_blaster_laser_boom_zap_01.uasset" 1305
"C:/Users/user/Documents/Unreal Projects/TD_prototype/Content/ProSoundCollection_v1_3/Sci-Fi_Weapons/Wavs/sci-fi_weapon_blaster_laser_boom_zap_01.uexp" 1306
"C:/Users/user/Documents/Unreal Projects/TD_prototype/Content/audio/SFX/sci-fi_weapon_blaster_laser_boom_zap_01_Cue.uasset" 1307
"C:/Users/user/Documents/Unreal Projects/TD_prototype/Content/audio/SFX/sci-fi_weapon_blaster_laser_boom_zap_01_Cue.uexp" 1308
"C:/Users/user/Documents/Unreal Projects/TD_prototype/Content/image/fond_tuto.uasset" 1309
"C:/Users/user/Documents/Unreal Projects/TD_prototype/Content/image/fond_tuto.uexp" 1310
"C:/Users/user/Documents/Unreal Projects/TD_prototype/Content/UI/Tutorial/UW_TowerTuto.uasset" 1311
"C:/Users/user/Documents/Unreal Projects/TD_prototype/Content/UI/Tutorial/UW_TowerTuto.uexp" 1312
"C:/Users/user/Documents/Unreal Projects/TD_prototype/Content/VoxModels/Vox_materialAndTexture/tile_X2.ubulk" 1313
"C:/Users/user/Documents/Unreal Projects/TD_prototype/Content/VoxModels/Vox_materialAndTexture/tile_X2.uasset" 1314
"C:/Users/user/Documents/Unreal Projects/TD_prototype/Content/VoxModels/Vox_materialAndTexture/tile_X2.uexp" 1315
"C:/Users/user/Documents/Unreal Projects/TD_prototype/Content/VoxModels/Vox_materialAndTexture/palette_003.uasset" 1316
"C:/Users/user/Documents/Unreal Projects/TD_prototype/Content/VoxModels/Vox_materialAndTexture/palette_003.uexp" 1317
"C:/Users/user/Documents/Unreal Projects/TD_prototype/Content/VoxModels/Building/Tower/tower_base.ubulk" 1318
"C:/Users/user/Documents/Unreal Projects/TD_prototype/Content/VoxModels/Building/Tower/tower_base.uasset" 1319
"C:/Users/user/Documents/Unreal Projects/TD_prototype/Content/VoxModels/Building/Tower/tower_base.uexp" 1320
"C:/Users/user/Documents/Unreal Projects/TD_prototype/Content/VoxModels/Building/Tower/tower_crystal.ubulk" 1321
"C:/Users/user/Documents/Unreal Projects/TD_prototype/Content/VoxModels/Building/Tower/tower_crystal.uasset" 1322
"C:/Users/user/Documents/Unreal Projects/TD_prototype/Content/VoxModels/Building/Tower/tower_crystal.uexp" 1323
"C:/Users/user/Documents/Unreal Projects/TD_prototype/Content/VoxModels/Building/Tower/tower_top.ubulk" 1324
"C:/Users/user/Documents/Unreal Projects/TD_prototype/Content/VoxModels/Building/Tower/tower_top.uasset" 1325
"C:/Users/user/Documents/Unreal Projects/TD_prototype/Content/VoxModels/Building/Tower/tower_top.uexp" 1326
"C:/Users/user/Documents/Unreal Projects/TD_prototype/Content/Models/Materials/M_outliner.uasset" 1327
"C:/Users/user/Documents/Unreal Projects/TD_prototype/Content/Models/Materials/M_outliner.uexp" 1328
"C:/Users/user/Documents/Unreal Projects/TD_prototype/Content/VoxModels/Building/Tower/tower_base_001.ubulk" 1329
"C:/Users/user/Documents/Unreal Projects/TD_prototype/Content/VoxModels/Building/Tower/tower_base_001.uasset" 1330
"C:/Users/user/Documents/Unreal Projects/TD_prototype/Content/VoxModels/Building/Tower/tower_base_001.uexp" 1331
"C:/Users/user/Documents/Unreal Projects/TD_prototype/Content/VoxModels/Building/Tower/tower_crystal_001.ubulk" 1332
"C:/Users/user/Documents/Unreal Projects/TD_prototype/Content/VoxModels/Building/Tower/tower_crystal_001.uasset" 1333
"C:/Users/user/Documents/Unreal Projects/TD_prototype/Content/VoxModels/Building/Tower/tower_crystal_001.uexp" 1334
"C:/Users/user/Documents/Unreal Projects/TD_prototype/Content/VoxModels/Vox_materialAndTexture/glass.uasset" 1335
"C:/Users/user/Documents/Unreal Projects/TD_prototype/Content/VoxModels/Vox_materialAndTexture/glass.uexp" 1336
"C:/Users/user/Documents/Unreal Projects/TD_prototype/Content/BP_Tower.uasset" 1337
"C:/Users/user/Documents/Unreal Projects/TD_prototype/Content/BP_Tower.uexp" 1338
"C:/Users/user/Documents/Unreal Projects/TD_prototype/Content/UI/TowerDefense/UW_PlaceShooterButton.uasset" 1339
"C:/Users/user/Documents/Unreal Projects/TD_prototype/Content/UI/TowerDefense/UW_PlaceShooterButton.uexp" 1340
"C:/Users/user/Documents/Unreal Projects/TD_prototype/Content/UI/TowerDefense/UW_TowerItemsMenu.uasset" 1341
"C:/Users/user/Documents/Unreal Projects/TD_prototype/Content/UI/TowerDefense/UW_TowerItemsMenu.uexp" 1342
"C:/Users/user/Documents/Unreal Projects/TD_prototype/Content/UI/TowerDefense/UW_Log.uasset" 1343
"C:/Users/user/Documents/Unreal Projects/TD_prototype/Content/UI/TowerDefense/UW_Log.uexp" 1344
"C:/Users/user/Documents/Unreal Projects/TD_prototype/Content/UI/TowerDefense/UW_PlayButton.uasset" 1345
"C:/Users/user/Documents/Unreal Projects/TD_prototype/Content/UI/TowerDefense/UW_PlayButton.uexp" 1346
"C:/Users/user/Documents/Unreal Projects/TD_prototype/Content/PixelImage/GoldCoin.uasset" 1347
"C:/Users/user/Documents/Unreal Projects/TD_prototype/Content/PixelImage/GoldCoin.uexp" 1348
"C:/Users/user/Documents/Unreal Projects/TD_prototype/Content/UI/TowerDefense/UW_Gold.uasset" 1349
"C:/Users/user/Documents/Unreal Projects/TD_prototype/Content/UI/TowerDefense/UW_Gold.uexp" 1350
"C:/Users/user/Documents/Unreal Projects/TD_prototype/Content/PixelImage/fond_barreHaut.uasset" 1351
"C:/Users/user/Documents/Unreal Projects/TD_prototype/Content/PixelImage/fond_barreHaut.uexp" 1352
"C:/Users/user/Documents/Unreal Projects/TD_prototype/Content/UI/TowerDefense/UW_highBar.uasset" 1353
"C:/Users/user/Documents/Unreal Projects/TD_prototype/Content/UI/TowerDefense/UW_highBar.uexp" 1354
"C:/Users/user/Documents/Unreal Projects/TD_prototype/Content/PixelImage/heart.uasset" 1355
"C:/Users/user/Documents/Unreal Projects/TD_prototype/Content/PixelImage/heart.uexp" 1356
"C:/Users/user/Documents/Unreal Projects/TD_prototype/Content/UI/TowerDefense/UW_Life.uasset" 1357
"C:/Users/user/Documents/Unreal Projects/TD_prototype/Content/UI/TowerDefense/UW_Life.uexp" 1358
"C:/Users/user/Documents/Unreal Projects/TD_prototype/Content/UI/TowerDefense/UW_MaxTower.uasset" 1359
"C:/Users/user/Documents/Unreal Projects/TD_prototype/Content/UI/TowerDefense/UW_MaxTower.uexp" 1360
"C:/Users/user/Documents/Unreal Projects/TD_prototype/Content/image/button1_2.uasset" 1361
"C:/Users/user/Documents/Unreal Projects/TD_prototype/Content/image/button1_2.uexp" 1362
"C:/Users/user/Documents/Unreal Projects/TD_prototype/Content/image/button1_2_hovered.uasset" 1363
"C:/Users/user/Documents/Unreal Projects/TD_prototype/Content/image/button1_2_hovered.uexp" 1364
"C:/Users/user/Documents/Unreal Projects/TD_prototype/Content/image/button1_2_pressed.uasset" 1365
"C:/Users/user/Documents/Unreal Projects/TD_prototype/Content/image/button1_2_pressed.uexp" 1366
"../../../Engine/Content/EngineSounds/Music.uasset" 1367
"../../../Engine/Content/EngineSounds/Music.uexp" 1368
"C:/Users/user/Documents/Unreal Projects/TD_prototype/Content/audio/SCM_master.uasset" 1369
"C:/Users/user/Documents/Unreal Projects/TD_prototype/Content/audio/SCM_master.uexp" 1370
"C:/Users/user/Documents/Unreal Projects/TD_prototype/Content/Save/SG_SoundSettingsSave.uasset" 1371
"C:/Users/user/Documents/Unreal Projects/TD_prototype/Content/Save/SG_SoundSettingsSave.uexp" 1372
"C:/Users/user/Documents/Unreal Projects/TD_prototype/Content/UI/MainMenu/UW_OptionAudio.uasset" 1373
"C:/Users/user/Documents/Unreal Projects/TD_prototype/Content/UI/MainMenu/UW_OptionAudio.uexp" 1374
"C:/Users/user/Documents/Unreal Projects/TD_prototype/Content/image/green_arrow_left.uasset" 1375
"C:/Users/user/Documents/Unreal Projects/TD_prototype/Content/image/green_arrow_left.uexp" 1376
"C:/Users/user/Documents/Unreal Projects/TD_prototype/Content/UI/MainMenu/UW_OptionGraphics.uasset" 1377
"C:/Users/user/Documents/Unreal Projects/TD_prototype/Content/UI/MainMenu/UW_OptionGraphics.uexp" 1378
"C:/Users/user/Documents/Unreal Projects/TD_prototype/Content/UI/MainMenu/UW_Option.uasset" 1379
"C:/Users/user/Documents/Unreal Projects/TD_prototype/Content/UI/MainMenu/UW_Option.uexp" 1380
"C:/Users/user/Documents/Unreal Projects/TD_prototype/Content/UI/MainMenu/UW_QuitButton.uasset" 1381
"C:/Users/user/Documents/Unreal Projects/TD_prototype/Content/UI/MainMenu/UW_QuitButton.uexp" 1382
"C:/Users/user/Documents/Unreal Projects/TD_prototype/Content/UI/TowerDefense/UW_PauseMenu.uasset" 1383
"C:/Users/user/Documents/Unreal Projects/TD_prototype/Content/UI/TowerDefense/UW_PauseMenu.uexp" 1384
"C:/Users/user/Documents/Unreal Projects/TD_prototype/Content/UI/TowerDefense/UW_PauseButton.uasset" 1385
"C:/Users/user/Documents/Unreal Projects/TD_prototype/Content/UI/TowerDefense/UW_PauseButton.uexp" 1386
"C:/Users/user/Documents/Unreal Projects/TD_prototype/Content/UI/TowerDefense/UW_speedButton.uasset" 1387
"C:/Users/user/Documents/Unreal Projects/TD_prototype/Content/UI/TowerDefense/UW_speedButton.uexp" 1388
"C:/Users/user/Documents/Unreal Projects/TD_prototype/Content/UI/TowerDefense/UW_WaveCount.uasset" 1389
"C:/Users/user/Documents/Unreal Projects/TD_prototype/Content/UI/TowerDefense/UW_WaveCount.uexp" 1390
"C:/Users/user/Documents/Unreal Projects/TD_prototype/Content/UI/TowerDefense/UW_Fight.uasset" 1391
"C:/Users/user/Documents/Unreal Projects/TD_prototype/Content/UI/TowerDefense/UW_Fight.uexp" 1392
"C:/Users/user/Documents/Unreal Projects/TD_prototype/Content/PixelImage/sol_I.uasset" 1393
"C:/Users/user/Documents/Unreal Projects/TD_prototype/Content/PixelImage/sol_I.uexp" 1394
"C:/Users/user/Documents/Unreal Projects/TD_prototype/Content/PixelImage/sol_I_Mat.uasset" 1395
"C:/Users/user/Documents/Unreal Projects/TD_prototype/Content/PixelImage/sol_I_Mat.uexp" 1396
"C:/Users/user/Documents/Unreal Projects/TD_prototype/Content/VoxModels/Vox_materialAndTexture/tile_1I2.ubulk" 1397
"C:/Users/user/Documents/Unreal Projects/TD_prototype/Content/VoxModels/Vox_materialAndTexture/tile_1I2.uasset" 1398
"C:/Users/user/Documents/Unreal Projects/TD_prototype/Content/VoxModels/Vox_materialAndTexture/tile_1I2.uexp" 1399
"C:/Users/user/Documents/Unreal Projects/TD_prototype/Content/VoxModels/Vox_materialAndTexture/palette_001.uasset" 1400
"C:/Users/user/Documents/Unreal Projects/TD_prototype/Content/VoxModels/Vox_materialAndTexture/palette_001.uexp" 1401
"C:/Users/user/Documents/Unreal Projects/TD_prototype/Content/VoxModels/ground/TileGroundI1.ubulk" 1402
"C:/Users/user/Documents/Unreal Projects/TD_prototype/Content/VoxModels/ground/TileGroundI1.uasset" 1403
"C:/Users/user/Documents/Unreal Projects/TD_prototype/Content/VoxModels/ground/TileGroundI1.uexp" 1404
"C:/Users/user/Documents/Unreal Projects/TD_prototype/Content/Walls/BP_Tile1-1-1.uasset" 1405
"C:/Users/user/Documents/Unreal Projects/TD_prototype/Content/Walls/BP_Tile1-1-1.uexp" 1406
"C:/Users/user/Documents/Unreal Projects/TD_prototype/Content/VoxModels/ground/TileGroundI2.ubulk" 1407
"C:/Users/user/Documents/Unreal Projects/TD_prototype/Content/VoxModels/ground/TileGroundI2.uasset" 1408
"C:/Users/user/Documents/Unreal Projects/TD_prototype/Content/VoxModels/ground/TileGroundI2.uexp" 1409
"C:/Users/user/Documents/Unreal Projects/TD_prototype/Content/Walls/BP_Tile1-1-2.uasset" 1410
"C:/Users/user/Documents/Unreal Projects/TD_prototype/Content/Walls/BP_Tile1-1-2.uexp" 1411
"C:/Users/user/Documents/Unreal Projects/TD_prototype/Content/Sections/BP_Section_002.uasset" 1412
"C:/Users/user/Documents/Unreal Projects/TD_prototype/Content/Sections/BP_Section_002.uexp" 1413
"C:/Users/user/Documents/Unreal Projects/TD_prototype/Content/PixelImage/sol.uasset" 1414
"C:/Users/user/Documents/Unreal Projects/TD_prototype/Content/PixelImage/sol.uexp" 1415
"C:/Users/user/Documents/Unreal Projects/TD_prototype/Content/PixelImage/sol_Mat.uasset" 1416
"C:/Users/user/Documents/Unreal Projects/TD_prototype/Content/PixelImage/sol_Mat.uexp" 1417
"C:/Users/user/Documents/Unreal Projects/TD_prototype/Content/VoxModels/Vox_materialAndTexture/tile_X.ubulk" 1418
"C:/Users/user/Documents/Unreal Projects/TD_prototype/Content/VoxModels/Vox_materialAndTexture/tile_X.uasset" 1419
"C:/Users/user/Documents/Unreal Projects/TD_prototype/Content/VoxModels/Vox_materialAndTexture/tile_X.uexp" 1420
"C:/Users/user/Documents/Unreal Projects/TD_prototype/Content/VoxModels/Vox_materialAndTexture/palette_002.uasset" 1421
"C:/Users/user/Documents/Unreal Projects/TD_prototype/Content/VoxModels/Vox_materialAndTexture/palette_002.uexp" 1422
"C:/Users/user/Documents/Unreal Projects/TD_prototype/Content/VoxModels/ground/TileX.ubulk" 1423
"C:/Users/user/Documents/Unreal Projects/TD_prototype/Content/VoxModels/ground/TileX.uasset" 1424
"C:/Users/user/Documents/Unreal Projects/TD_prototype/Content/VoxModels/ground/TileX.uexp" 1425
"C:/Users/user/Documents/Unreal Projects/TD_prototype/Content/Walls/BP_Tile3-1-1.uasset" 1426
"C:/Users/user/Documents/Unreal Projects/TD_prototype/Content/Walls/BP_Tile3-1-1.uexp" 1427
"C:/Users/user/Documents/Unreal Projects/TD_prototype/Content/VoxModels/ground/TileX2.ubulk" 1428
"C:/Users/user/Documents/Unreal Projects/TD_prototype/Content/VoxModels/ground/TileX2.uasset" 1429
"C:/Users/user/Documents/Unreal Projects/TD_prototype/Content/VoxModels/ground/TileX2.uexp" 1430
"C:/Users/user/Documents/Unreal Projects/TD_prototype/Content/Walls/BP_Tile3-1-2.uasset" 1431
"C:/Users/user/Documents/Unreal Projects/TD_prototype/Content/Walls/BP_Tile3-1-2.uexp" 1432
"C:/Users/user/Documents/Unreal Projects/TD_prototype/Content/VoxModels/Vox_materialAndTexture/tile_X3.ubulk" 1433
"C:/Users/user/Documents/Unreal Projects/TD_prototype/Content/VoxModels/Vox_materialAndTexture/tile_X3.uasset" 1434
"C:/Users/user/Documents/Unreal Projects/TD_prototype/Content/VoxModels/Vox_materialAndTexture/tile_X3.uexp" 1435
"C:/Users/user/Documents/Unreal Projects/TD_prototype/Content/VoxModels/Vox_materialAndTexture/palette_004.uasset" 1436
"C:/Users/user/Documents/Unreal Projects/TD_prototype/Content/VoxModels/Vox_materialAndTexture/palette_004.uexp" 1437
"C:/Users/user/Documents/Unreal Projects/TD_prototype/Content/VoxModels/ground/TileX3.ubulk" 1438
"C:/Users/user/Documents/Unreal Projects/TD_prototype/Content/VoxModels/ground/TileX3.uasset" 1439
"C:/Users/user/Documents/Unreal Projects/TD_prototype/Content/VoxModels/ground/TileX3.uexp" 1440
"C:/Users/user/Documents/Unreal Projects/TD_prototype/Content/Walls/BP_Tile3-1-3.uasset" 1441
"C:/Users/user/Documents/Unreal Projects/TD_prototype/Content/Walls/BP_Tile3-1-3.uexp" 1442
"C:/Users/user/Documents/Unreal Projects/TD_prototype/Content/VoxModels/Vox_materialAndTexture/tile_X4.ubulk" 1443
"C:/Users/user/Documents/Unreal Projects/TD_prototype/Content/VoxModels/Vox_materialAndTexture/tile_X4.uasset" 1444
"C:/Users/user/Documents/Unreal Projects/TD_prototype/Content/VoxModels/Vox_materialAndTexture/tile_X4.uexp" 1445
"C:/Users/user/Documents/Unreal Projects/TD_prototype/Content/VoxModels/Vox_materialAndTexture/palette_005.uasset" 1446
"C:/Users/user/Documents/Unreal Projects/TD_prototype/Content/VoxModels/Vox_materialAndTexture/palette_005.uexp" 1447
"C:/Users/user/Documents/Unreal Projects/TD_prototype/Content/VoxModels/ground/TileX4.ubulk" 1448
"C:/Users/user/Documents/Unreal Projects/TD_prototype/Content/VoxModels/ground/TileX4.uasset" 1449
"C:/Users/user/Documents/Unreal Projects/TD_prototype/Content/VoxModels/ground/TileX4.uexp" 1450
"C:/Users/user/Documents/Unreal Projects/TD_prototype/Content/Walls/BP_Tile3-1-4.uasset" 1451
"C:/Users/user/Documents/Unreal Projects/TD_prototype/Content/Walls/BP_Tile3-1-4.uexp" 1452
"C:/Users/user/Documents/Unreal Projects/TD_prototype/Content/Sections/BP_Section_001.uasset" 1453
"C:/Users/user/Documents/Unreal Projects/TD_prototype/Content/Sections/BP_Section_001.uexp" 1454
"C:/Users/user/Documents/Unreal Projects/TD_prototype/Content/PixelImage/sol_T.uasset" 1455
"C:/Users/user/Documents/Unreal Projects/TD_prototype/Content/PixelImage/sol_T.uexp" 1456
"C:/Users/user/Documents/Unreal Projects/TD_prototype/Content/PixelImage/sol_T_Mat.uasset" 1457
"C:/Users/user/Documents/Unreal Projects/TD_prototype/Content/PixelImage/sol_T_Mat.uexp" 1458
"C:/Users/user/Documents/Unreal Projects/TD_prototype/Content/Sections/BP_Section_003.uasset" 1459
"C:/Users/user/Documents/Unreal Projects/TD_prototype/Content/Sections/BP_Section_003.uexp" 1460
"C:/Users/user/Documents/Unreal Projects/TD_prototype/Content/PixelImage/Button_Section.uasset" 1461
"C:/Users/user/Documents/Unreal Projects/TD_prototype/Content/PixelImage/Button_Section.uexp" 1462
"C:/Users/user/Documents/Unreal Projects/TD_prototype/Content/PixelImage/Button_Section_Hovered.uasset" 1463
"C:/Users/user/Documents/Unreal Projects/TD_prototype/Content/PixelImage/Button_Section_Hovered.uexp" 1464
"C:/Users/user/Documents/Unreal Projects/TD_prototype/Content/PixelImage/Button_Section_pressesd.uasset" 1465
"C:/Users/user/Documents/Unreal Projects/TD_prototype/Content/PixelImage/Button_Section_pressesd.uexp" 1466
"C:/Users/user/Documents/Unreal Projects/TD_prototype/Content/UI/M_testCustomShape.uasset" 1467
"C:/Users/user/Documents/Unreal Projects/TD_prototype/Content/UI/M_testCustomShape.uexp" 1468
"C:/Users/user/Documents/Unreal Projects/TD_prototype/Content/UI/UW_CustomShapeButton.uasset" 1469
"C:/Users/user/Documents/Unreal Projects/TD_prototype/Content/UI/UW_CustomShapeButton.uexp" 1470
"C:/Users/user/Documents/Unreal Projects/TD_prototype/Content/UI/TowerDefense/UW_SelectSection_Button.uasset" 1471
"C:/Users/user/Documents/Unreal Projects/TD_prototype/Content/UI/TowerDefense/UW_SelectSection_Button.uexp" 1472
"C:/Users/user/Documents/Unreal Projects/TD_prototype/Content/UI/TowerDefense/UW_SelectSection.uasset" 1473
"C:/Users/user/Documents/Unreal Projects/TD_prototype/Content/UI/TowerDefense/UW_SelectSection.uexp" 1474
"C:/Users/user/Documents/Unreal Projects/TD_prototype/Content/SpeedState.uasset" 1475
"C:/Users/user/Documents/Unreal Projects/TD_prototype/Content/SpeedState.uexp" 1476
"C:/Users/user/Documents/Unreal Projects/TD_prototype/Content/PixelImage/Heal-Icon.uasset" 1477
"C:/Users/user/Documents/Unreal Projects/TD_prototype/Content/PixelImage/Heal-Icon.uexp" 1478
"C:/Users/user/Documents/Unreal Projects/TD_prototype/Content/Models/lifeLeech.ubulk" 1479
"C:/Users/user/Documents/Unreal Projects/TD_prototype/Content/Models/lifeLeech.uasset" 1480
"C:/Users/user/Documents/Unreal Projects/TD_prototype/Content/Models/lifeLeech.uexp" 1481
"C:/Users/user/Documents/Unreal Projects/TD_prototype/Content/ShooterItem/Obj_TowerItem_lifeLeech.uasset" 1482
"C:/Users/user/Documents/Unreal Projects/TD_prototype/Content/ShooterItem/Obj_TowerItem_lifeLeech.uexp" 1483
"C:/Users/user/Documents/Unreal Projects/TD_prototype/Content/WaveReward/lifeLeech.uasset" 1484
"C:/Users/user/Documents/Unreal Projects/TD_prototype/Content/WaveReward/lifeLeech.uexp" 1485
"C:/Users/user/Documents/Unreal Projects/TD_prototype/Content/WaveReward/RangeUpItem.uasset" 1486
"C:/Users/user/Documents/Unreal Projects/TD_prototype/Content/WaveReward/RangeUpItem.uexp" 1487
"C:/Users/user/Documents/Unreal Projects/TD_prototype/Content/PixelImage/Lightning-Icon.uasset" 1488
"C:/Users/user/Documents/Unreal Projects/TD_prototype/Content/PixelImage/Lightning-Icon.uexp" 1489
"C:/Users/user/Documents/Unreal Projects/TD_prototype/Content/FX/M_lightning.uasset" 1490
"C:/Users/user/Documents/Unreal Projects/TD_prototype/Content/FX/M_lightning.uexp" 1491
"C:/Users/user/Documents/Unreal Projects/TD_prototype/Content/FX/NI_testLightning1.uasset" 1492
"C:/Users/user/Documents/Unreal Projects/TD_prototype/Content/FX/NI_testLightning1.uexp" 1493
"C:/Users/user/Documents/Unreal Projects/TD_prototype/Content/Models/Materials/M_lightning.uasset" 1494
"C:/Users/user/Documents/Unreal Projects/TD_prototype/Content/Models/Materials/M_lightning.uexp" 1495
"C:/Users/user/Documents/Unreal Projects/TD_prototype/Content/Models/lightning.ubulk" 1496
"C:/Users/user/Documents/Unreal Projects/TD_prototype/Content/Models/lightning.uasset" 1497
"C:/Users/user/Documents/Unreal Projects/TD_prototype/Content/Models/lightning.uexp" 1498
"C:/Users/user/Documents/Unreal Projects/TD_prototype/Content/ProSoundCollection_v1_3/Magic_Spells/Wavs/electric_lightning_blast_02.ubulk" 1499
"C:/Users/user/Documents/Unreal Projects/TD_prototype/Content/ProSoundCollection_v1_3/Magic_Spells/Wavs/electric_lightning_blast_02.uasset" 1500
"C:/Users/user/Documents/Unreal Projects/TD_prototype/Content/ProSoundCollection_v1_3/Magic_Spells/Wavs/electric_lightning_blast_02.uexp" 1501
"C:/Users/user/Documents/Unreal Projects/TD_prototype/Content/audio/SFX/electric_lightning_blast_02_Cue.uasset" 1502
"C:/Users/user/Documents/Unreal Projects/TD_prototype/Content/audio/SFX/electric_lightning_blast_02_Cue.uexp" 1503
"C:/Users/user/Documents/Unreal Projects/TD_prototype/Content/ShooterItem/Obj_TowerItem_lightning.uasset" 1504
"C:/Users/user/Documents/Unreal Projects/TD_prototype/Content/ShooterItem/Obj_TowerItem_lightning.uexp" 1505
"C:/Users/user/Documents/Unreal Projects/TD_prototype/Content/WaveReward/chainLightning.uasset" 1506
"C:/Users/user/Documents/Unreal Projects/TD_prototype/Content/WaveReward/chainLightning.uexp" 1507
"C:/Users/user/Documents/Unreal Projects/TD_prototype/Content/PixelImage/Icon_explosion.uasset" 1508
"C:/Users/user/Documents/Unreal Projects/TD_prototype/Content/PixelImage/Icon_explosion.uexp" 1509
"C:/Users/user/Documents/Unreal Projects/TD_prototype/Content/FX/M_Ring.uasset" 1510
"C:/Users/user/Documents/Unreal Projects/TD_prototype/Content/FX/M_Ring.uexp" 1511
"C:/Users/user/Documents/Unreal Projects/TD_prototype/Content/FX/NS_EnergyBlast.uasset" 1512
"C:/Users/user/Documents/Unreal Projects/TD_prototype/Content/FX/NS_EnergyBlast.uexp" 1513
"C:/Users/user/Documents/Unreal Projects/TD_prototype/Content/Models/Materials/M_aoe.uasset" 1514
"C:/Users/user/Documents/Unreal Projects/TD_prototype/Content/Models/Materials/M_aoe.uexp" 1515
"C:/Users/user/Documents/Unreal Projects/TD_prototype/Content/Models/AOE.ubulk" 1516
"C:/Users/user/Documents/Unreal Projects/TD_prototype/Content/Models/AOE.uasset" 1517
"C:/Users/user/Documents/Unreal Projects/TD_prototype/Content/Models/AOE.uexp" 1518
"C:/Users/user/Documents/Unreal Projects/TD_prototype/Content/ProSoundCollection_v1_3/Magic_Spells/Wavs/fireball_impact_burn_02.ubulk" 1519
"C:/Users/user/Documents/Unreal Projects/TD_prototype/Content/ProSoundCollection_v1_3/Magic_Spells/Wavs/fireball_impact_burn_02.uasset" 1520
"C:/Users/user/Documents/Unreal Projects/TD_prototype/Content/ProSoundCollection_v1_3/Magic_Spells/Wavs/fireball_impact_burn_02.uexp" 1521
"C:/Users/user/Documents/Unreal Projects/TD_prototype/Content/audio/SFX/fireball_impact_burn_02_Cue.uasset" 1522
"C:/Users/user/Documents/Unreal Projects/TD_prototype/Content/audio/SFX/fireball_impact_burn_02_Cue.uexp" 1523
"C:/Users/user/Documents/Unreal Projects/TD_prototype/Content/ShooterItem/Obj_TowerItem_AOE.uasset" 1524
"C:/Users/user/Documents/Unreal Projects/TD_prototype/Content/ShooterItem/Obj_TowerItem_AOE.uexp" 1525
"C:/Users/user/Documents/Unreal Projects/TD_prototype/Content/WaveReward/AOEItem.uasset" 1526
"C:/Users/user/Documents/Unreal Projects/TD_prototype/Content/WaveReward/AOEItem.uexp" 1527
"C:/Users/user/Documents/Unreal Projects/TD_prototype/Content/Models/Monsters/Monster_1-2.ubulk" 1528
"C:/Users/user/Documents/Unreal Projects/TD_prototype/Content/Models/Monsters/Monster_1-2.uasset" 1529
"C:/Users/user/Documents/Unreal Projects/TD_prototype/Content/Models/Monsters/Monster_1-2.uexp" 1530
"C:/Users/user/Documents/Unreal Projects/TD_prototype/Content/Ennemies/BP_Enemy_Quick.uasset" 1531
"C:/Users/user/Documents/Unreal Projects/TD_prototype/Content/Ennemies/BP_Enemy_Quick.uexp" 1532
"C:/Users/user/Documents/Unreal Projects/TD_prototype/Content/VoxModels/Monsters/Blate.ubulk" 1533
"C:/Users/user/Documents/Unreal Projects/TD_prototype/Content/VoxModels/Monsters/Blate.uasset" 1534
"C:/Users/user/Documents/Unreal Projects/TD_prototype/Content/VoxModels/Monsters/Blate.uexp" 1535
"C:/Users/user/Documents/Unreal Projects/TD_prototype/Content/Ennemies/BP_Blate.uasset" 1536
"C:/Users/user/Documents/Unreal Projects/TD_prototype/Content/Ennemies/BP_Blate.uexp" 1537
"../../../Engine/Plugins/Animation/ACLPlugin/Content/ACLAnimCurveCompressionSettings.uasset" 1538
"../../../Engine/Plugins/Animation/ACLPlugin/Content/ACLAnimCurveCompressionSettings.uexp" 1539
"../../../Engine/Content/Animation/DefaultRecorderBoneCompression.uasset" 1540
"../../../Engine/Content/Animation/DefaultRecorderBoneCompression.uexp" 1541
"../../../Engine/Content/Animation/DefaultVariableFrameStrippingSettings.uasset" 1542
"../../../Engine/Content/Animation/DefaultVariableFrameStrippingSettings.uexp" 1543
"C:/Users/user/Documents/Unreal Projects/TD_prototype/Content/Models/SkelModel/Boss1/TD_BossSkel1_Skeleton.uasset" 1544
"C:/Users/user/Documents/Unreal Projects/TD_prototype/Content/Models/SkelModel/Boss1/TD_BossSkel1_Skeleton.uexp" 1545
"C:/Users/user/Documents/Unreal Projects/TD_prototype/Content/Models/SkelModel/Boss1/TD_BossSkel1_Skeleton_Sequence1.uasset" 1546
"C:/Users/user/Documents/Unreal Projects/TD_prototype/Content/Models/SkelModel/Boss1/TD_BossSkel1_Skeleton_Sequence1.uexp" 1547
"C:/Users/user/Documents/Unreal Projects/TD_prototype/Content/VoxModels/Monsters/untitled.ubulk" 1548
"C:/Users/user/Documents/Unreal Projects/TD_prototype/Content/VoxModels/Monsters/untitled.uasset" 1549
"C:/Users/user/Documents/Unreal Projects/TD_prototype/Content/VoxModels/Monsters/untitled.uexp" 1550
"C:/Users/user/Documents/Unreal Projects/TD_prototype/Content/Ennemies/BP_Enemy_Boss1.uasset" 1551
"C:/Users/user/Documents/Unreal Projects/TD_prototype/Content/Ennemies/BP_Enemy_Boss1.uexp" 1552
"C:/Users/user/Documents/Unreal Projects/TD_prototype/Content/VoxModels/Monsters/Scorpion.ubulk" 1553
"C:/Users/user/Documents/Unreal Projects/TD_prototype/Content/VoxModels/Monsters/Scorpion.uasset" 1554
"C:/Users/user/Documents/Unreal Projects/TD_prototype/Content/VoxModels/Monsters/Scorpion.uexp" 1555
"C:/Users/user/Documents/Unreal Projects/TD_prototype/Content/Ennemies/BP_scorpion.uasset" 1556
"C:/Users/user/Documents/Unreal Projects/TD_prototype/Content/Ennemies/BP_scorpion.uexp" 1557
"C:/Users/user/Documents/Unreal Projects/TD_prototype/Content/PixelImage/sol_L1.uasset" 1558
"C:/Users/user/Documents/Unreal Projects/TD_prototype/Content/PixelImage/sol_L1.uexp" 1559
"C:/Users/user/Documents/Unreal Projects/TD_prototype/Content/PixelImage/sol_L1_Mat.uasset" 1560
"C:/Users/user/Documents/Unreal Projects/TD_prototype/Content/PixelImage/sol_L1_Mat.uexp" 1561
"C:/Users/user/Documents/Unreal Projects/TD_prototype/Content/VoxModels/ground/TileL1.ubulk" 1562
"C:/Users/user/Documents/Unreal Projects/TD_prototype/Content/VoxModels/ground/TileL1.uasset" 1563
"C:/Users/user/Documents/Unreal Projects/TD_prototype/Content/VoxModels/ground/TileL1.uexp" 1564
"C:/Users/user/Documents/Unreal Projects/TD_prototype/Content/VoxModels/ground/TileL2.ubulk" 1565
"C:/Users/user/Documents/Unreal Projects/TD_prototype/Content/VoxModels/ground/TileL2.uasset" 1566
"C:/Users/user/Documents/Unreal Projects/TD_prototype/Content/VoxModels/ground/TileL2.uexp" 1567
"C:/Users/user/Documents/Unreal Projects/TD_prototype/Content/Walls/BP_Tilel.uasset" 1568
"C:/Users/user/Documents/Unreal Projects/TD_prototype/Content/Walls/BP_Tilel.uexp" 1569
"C:/Users/user/Documents/Unreal Projects/TD_prototype/Content/Sections/BP_Section_002_Child.uasset" 1570
"C:/Users/user/Documents/Unreal Projects/TD_prototype/Content/Sections/BP_Section_002_Child.uexp" 1571
"C:/Users/user/Documents/Unreal Projects/TD_prototype/Content/WaveReward/ShootRateItem.uasset" 1572
"C:/Users/user/Documents/Unreal Projects/TD_prototype/Content/WaveReward/ShootRateItem.uexp" 1573
"C:/Users/user/Documents/Unreal Projects/TD_prototype/Content/audio/Music_IA_TMP/musicBattle_IA.ubulk" 1574
"C:/Users/user/Documents/Unreal Projects/TD_prototype/Content/audio/Music_IA_TMP/musicBattle_IA.uasset" 1575
"C:/Users/user/Documents/Unreal Projects/TD_prototype/Content/audio/Music_IA_TMP/musicBattle_IA.uexp" 1576
"C:/Users/user/Documents/Unreal Projects/TD_prototype/Content/audio/Music_IA_TMP/musicBattle_IA_Cue.uasset" 1577
"C:/Users/user/Documents/Unreal Projects/TD_prototype/Content/audio/Music_IA_TMP/musicBattle_IA_Cue.uexp" 1578
"C:/Users/user/Documents/Unreal Projects/TD_prototype/Content/UI/TowerDefense/UWLogLine.uasset" 1579
"C:/Users/user/Documents/Unreal Projects/TD_prototype/Content/UI/TowerDefense/UWLogLine.uexp" 1580
"C:/Users/user/Documents/Unreal Projects/TD_prototype/Content/UI/TowerDefense/UW_Loose.uasset" 1581
"C:/Users/user/Documents/Unreal Projects/TD_prototype/Content/UI/TowerDefense/UW_Loose.uexp" 1582
"C:/Users/user/Documents/Unreal Projects/TD_prototype/Content/UI/TowerDefense/uw_Win.uasset" 1583
"C:/Users/user/Documents/Unreal Projects/TD_prototype/Content/UI/TowerDefense/uw_Win.uexp" 1584
"C:/Users/user/Documents/Unreal Projects/TD_prototype/Content/BP_GM_TowerDefense.uasset" 1585
"C:/Users/user/Documents/Unreal Projects/TD_prototype/Content/BP_GM_TowerDefense.uexp" 1586
"C:/Users/user/Documents/Unreal Projects/TD_prototype/Content/BP_Spawner.uasset" 1587
"C:/Users/user/Documents/Unreal Projects/TD_prototype/Content/BP_Spawner.uexp" 1588
"C:/Users/user/Documents/Unreal Projects/TD_prototype/Content/Models/Materials/M_spawner.uasset" 1589
"C:/Users/user/Documents/Unreal Projects/TD_prototype/Content/Models/Materials/M_spawner.uexp" 1590
"C:/Users/user/Documents/Unreal Projects/TD_prototype/Content/PixelImage/sol_Spawner.uasset" 1591
"C:/Users/user/Documents/Unreal Projects/TD_prototype/Content/PixelImage/sol_Spawner.uexp" 1592
"C:/Users/user/Documents/Unreal Projects/TD_prototype/Content/PixelImage/sol_Spawner_Mat.uasset" 1593
"C:/Users/user/Documents/Unreal Projects/TD_prototype/Content/PixelImage/sol_Spawner_Mat.uexp" 1594
"C:/Users/user/Documents/Unreal Projects/TD_prototype/Content/VoxModels/Building/Vox_spawner.ubulk" 1595
"C:/Users/user/Documents/Unreal Projects/TD_prototype/Content/VoxModels/Building/Vox_spawner.uasset" 1596
"C:/Users/user/Documents/Unreal Projects/TD_prototype/Content/VoxModels/Building/Vox_spawner.uexp" 1597
"C:/Users/user/Documents/Unreal Projects/TD_prototype/Content/Sections/SectionSpawner.uasset" 1598
"C:/Users/user/Documents/Unreal Projects/TD_prototype/Content/Sections/SectionSpawner.uexp" 1599
"C:/Users/user/Documents/Unreal Projects/TD_prototype/Content/BP_activator.uasset" 1600
"C:/Users/user/Documents/Unreal Projects/TD_prototype/Content/BP_activator.uexp" 1601
"C:/Users/user/Documents/Unreal Projects/TD_prototype/Content/Models/Materials/M_light.uasset" 1602
"C:/Users/user/Documents/Unreal Projects/TD_prototype/Content/Models/Materials/M_light.uexp" 1603
"C:/Users/user/Documents/Unreal Projects/TD_prototype/Content/Models/sectionLightEffect.ubulk" 1604
"C:/Users/user/Documents/Unreal Projects/TD_prototype/Content/Models/sectionLightEffect.uasset" 1605
"C:/Users/user/Documents/Unreal Projects/TD_prototype/Content/Models/sectionLightEffect.uexp" 1606
"C:/Users/user/Documents/Unreal Projects/TD_prototype/Content/BP_LightSection.uasset" 1607
"C:/Users/user/Documents/Unreal Projects/TD_prototype/Content/BP_LightSection.uexp" 1608
"C:/Users/user/Documents/Unreal Projects/TD_prototype/Content/ProSoundCollection_v1_3/Collectibles_Items_Powerup/Wavs/item_pickup_swipe_01.ubulk" 1609
"C:/Users/user/Documents/Unreal Projects/TD_prototype/Content/ProSoundCollection_v1_3/Collectibles_Items_Powerup/Wavs/item_pickup_swipe_01.uasset" 1610
"C:/Users/user/Documents/Unreal Projects/TD_prototype/Content/ProSoundCollection_v1_3/Collectibles_Items_Powerup/Wavs/item_pickup_swipe_01.uexp" 1611
"C:/Users/user/Documents/Unreal Projects/TD_prototype/Content/audio/SFX/item_pickup_swipe_01_Cue.uasset" 1612
"C:/Users/user/Documents/Unreal Projects/TD_prototype/Content/audio/SFX/item_pickup_swipe_01_Cue.uexp" 1613
"C:/Users/user/Documents/Unreal Projects/TD_prototype/Content/BP_SectionManager.uasset" 1614
"C:/Users/user/Documents/Unreal Projects/TD_prototype/Content/BP_SectionManager.uexp" 1615
"C:/Users/user/Documents/Unreal Projects/TD_prototype/Content/Input/clic.uasset" 1616
"C:/Users/user/Documents/Unreal Projects/TD_prototype/Content/Input/clic.uexp" 1617
"C:/Users/user/Documents/Unreal Projects/TD_prototype/Content/Input/clic_molette.uasset" 1618
"C:/Users/user/Documents/Unreal Projects/TD_prototype/Content/Input/clic_molette.uexp" 1619
"C:/Users/user/Documents/Unreal Projects/TD_prototype/Content/Input/Molette.uasset" 1620
"C:/Users/user/Documents/Unreal Projects/TD_prototype/Content/Input/Molette.uexp" 1621
"C:/Users/user/Documents/Unreal Projects/TD_prototype/Content/Input/mouse_move.uasset" 1622
"C:/Users/user/Documents/Unreal Projects/TD_prototype/Content/Input/mouse_move.uexp" 1623
"C:/Users/user/Documents/Unreal Projects/TD_prototype/Content/Input/IMC.uasset" 1624
"C:/Users/user/Documents/Unreal Projects/TD_prototype/Content/Input/IMC.uexp" 1625
"C:/Users/user/Documents/Unreal Projects/TD_prototype/Content/Input/Move.uasset" 1626
"C:/Users/user/Documents/Unreal Projects/TD_prototype/Content/Input/Move.uexp" 1627
"C:/Users/user/Documents/Unreal Projects/TD_prototype/Content/BP_controller.uasset" 1628
"C:/Users/user/Documents/Unreal Projects/TD_prototype/Content/BP_controller.uexp" 1629
"C:/Users/user/Documents/Unreal Projects/TD_prototype/Content/BP_Camera.uasset" 1630
"C:/Users/user/Documents/Unreal Projects/TD_prototype/Content/BP_Camera.uexp" 1631
"C:/Users/user/Documents/Unreal Projects/TD_prototype/Content/Models/Materials/M_wood.uasset" 1632
"C:/Users/user/Documents/Unreal Projects/TD_prototype/Content/Models/Materials/M_wood.uexp" 1633
"C:/Users/user/Documents/Unreal Projects/TD_prototype/Content/Models/Materials/Material_001.uasset" 1634
"C:/Users/user/Documents/Unreal Projects/TD_prototype/Content/Models/Materials/Material_001.uexp" 1635
"C:/Users/user/Documents/Unreal Projects/TD_prototype/Content/Models/Materials/Material_metal.uasset" 1636
"C:/Users/user/Documents/Unreal Projects/TD_prototype/Content/Models/Materials/Material_metal.uexp" 1637
"C:/Users/user/Documents/Unreal Projects/TD_prototype/Content/Models/Materials/M_vitre.uasset" 1638
"C:/Users/user/Documents/Unreal Projects/TD_prototype/Content/Models/Materials/M_vitre.uexp" 1639
"C:/Users/user/Documents/Unreal Projects/TD_prototype/Content/Models/TD_alchemist_house.ubulk" 1640
"C:/Users/user/Documents/Unreal Projects/TD_prototype/Content/Models/TD_alchemist_house.uasset" 1641
"C:/Users/user/Documents/Unreal Projects/TD_prototype/Content/Models/TD_alchemist_house.uexp" 1642
"C:/Users/user/Documents/Unreal Projects/TD_prototype/Content/SoulsUpgrade/poisonBonus.uasset" 1643
"C:/Users/user/Documents/Unreal Projects/TD_prototype/Content/SoulsUpgrade/poisonBonus.uexp" 1644
"C:/Users/user/Documents/Unreal Projects/TD_prototype/Content/image/Poison_Icon.uasset" 1645
"C:/Users/user/Documents/Unreal Projects/TD_prototype/Content/image/Poison_Icon.uexp" 1646
"C:/Users/user/Documents/Unreal Projects/TD_prototype/Content/ShooterItem/Obj_TowerItem_poison.uasset" 1647
"C:/Users/user/Documents/Unreal Projects/TD_prototype/Content/ShooterItem/Obj_TowerItem_poison.uexp" 1648
"C:/Users/user/Documents/Unreal Projects/TD_prototype/Content/WaveReward/PoisonItem.uasset" 1649
"C:/Users/user/Documents/Unreal Projects/TD_prototype/Content/WaveReward/PoisonItem.uexp" 1650
"C:/Users/user/Documents/Unreal Projects/TD_prototype/Content/VoxModels/Building/AlchemistFiole.ubulk" 1651
"C:/Users/user/Documents/Unreal Projects/TD_prototype/Content/VoxModels/Building/AlchemistFiole.uasset" 1652
"C:/Users/user/Documents/Unreal Projects/TD_prototype/Content/VoxModels/Building/AlchemistFiole.uexp" 1653
"C:/Users/user/Documents/Unreal Projects/TD_prototype/Content/VoxModels/Building/AlchemistHouse.ubulk" 1654
"C:/Users/user/Documents/Unreal Projects/TD_prototype/Content/VoxModels/Building/AlchemistHouse.uasset" 1655
"C:/Users/user/Documents/Unreal Projects/TD_prototype/Content/VoxModels/Building/AlchemistHouse.uexp" 1656
"C:/Users/user/Documents/Unreal Projects/TD_prototype/Content/VoxModels/Building/AlchemistHouse_smooth.ubulk" 1657
"C:/Users/user/Documents/Unreal Projects/TD_prototype/Content/VoxModels/Building/AlchemistHouse_smooth.uasset" 1658
"C:/Users/user/Documents/Unreal Projects/TD_prototype/Content/VoxModels/Building/AlchemistHouse_smooth.uexp" 1659
"C:/Users/user/Documents/Unreal Projects/TD_prototype/Content/Buildings/AlchemistHouse.uasset" 1660
"C:/Users/user/Documents/Unreal Projects/TD_prototype/Content/Buildings/AlchemistHouse.uexp" 1661
"C:/Users/user/Documents/Unreal Projects/TD_prototype/Content/Models/Materials/Material.uasset" 1662
"C:/Users/user/Documents/Unreal Projects/TD_prototype/Content/Models/Materials/Material.uexp" 1663
"C:/Users/user/Documents/Unreal Projects/TD_prototype/Content/Models/TD_Ice_house.ubulk" 1664
"C:/Users/user/Documents/Unreal Projects/TD_prototype/Content/Models/TD_Ice_house.uasset" 1665
"C:/Users/user/Documents/Unreal Projects/TD_prototype/Content/Models/TD_Ice_house.uexp" 1666
"C:/Users/user/Documents/Unreal Projects/TD_prototype/Content/SoulsUpgrade/FrozeTimeBonus.uasset" 1667
"C:/Users/user/Documents/Unreal Projects/TD_prototype/Content/SoulsUpgrade/FrozeTimeBonus.uexp" 1668
"C:/Users/user/Documents/Unreal Projects/TD_prototype/Content/image/Ice_Icon.uasset" 1669
"C:/Users/user/Documents/Unreal Projects/TD_prototype/Content/image/Ice_Icon.uexp" 1670
"C:/Users/user/Documents/Unreal Projects/TD_prototype/Content/ShooterItem/Obj_TowerItem_froze.uasset" 1671
"C:/Users/user/Documents/Unreal Projects/TD_prototype/Content/ShooterItem/Obj_TowerItem_froze.uexp" 1672
"C:/Users/user/Documents/Unreal Projects/TD_prototype/Content/WaveReward/FrozeItem.uasset" 1673
"C:/Users/user/Documents/Unreal Projects/TD_prototype/Content/WaveReward/FrozeItem.uexp" 1674
"C:/Users/user/Documents/Unreal Projects/TD_prototype/Content/VoxModels/Building/IceHouse1.ubulk" 1675
"C:/Users/user/Documents/Unreal Projects/TD_prototype/Content/VoxModels/Building/IceHouse1.uasset" 1676
"C:/Users/user/Documents/Unreal Projects/TD_prototype/Content/VoxModels/Building/IceHouse1.uexp" 1677
"C:/Users/user/Documents/Unreal Projects/TD_prototype/Content/VoxModels/Building/IceHouse_Smooth.ubulk" 1678
"C:/Users/user/Documents/Unreal Projects/TD_prototype/Content/VoxModels/Building/IceHouse_Smooth.uasset" 1679
"C:/Users/user/Documents/Unreal Projects/TD_prototype/Content/VoxModels/Building/IceHouse_Smooth.uexp" 1680
"C:/Users/user/Documents/Unreal Projects/TD_prototype/Content/Buildings/IceHouse.uasset" 1681
"C:/Users/user/Documents/Unreal Projects/TD_prototype/Content/Buildings/IceHouse.uexp" 1682
"C:/Users/user/Documents/Unreal Projects/TD_prototype/Content/VoxModels/Building/Infirmary.ubulk" 1683
"C:/Users/user/Documents/Unreal Projects/TD_prototype/Content/VoxModels/Building/Infirmary.uasset" 1684
"C:/Users/user/Documents/Unreal Projects/TD_prototype/Content/VoxModels/Building/Infirmary.uexp" 1685
"C:/Users/user/Documents/Unreal Projects/TD_prototype/Content/VoxModels/Building/Infirmary_Smooth.ubulk" 1686
"C:/Users/user/Documents/Unreal Projects/TD_prototype/Content/VoxModels/Building/Infirmary_Smooth.uasset" 1687
"C:/Users/user/Documents/Unreal Projects/TD_prototype/Content/VoxModels/Building/Infirmary_Smooth.uexp" 1688
"C:/Users/user/Documents/Unreal Projects/TD_prototype/Content/Buildings/Infirmary.uasset" 1689
"C:/Users/user/Documents/Unreal Projects/TD_prototype/Content/Buildings/Infirmary.uexp" 1690
"C:/Users/user/Documents/Unreal Projects/TD_prototype/Content/VoxModels/Building/Observatory.ubulk" 1691
"C:/Users/user/Documents/Unreal Projects/TD_prototype/Content/VoxModels/Building/Observatory.uasset" 1692
"C:/Users/user/Documents/Unreal Projects/TD_prototype/Content/VoxModels/Building/Observatory.uexp" 1693
"C:/Users/user/Documents/Unreal Projects/TD_prototype/Content/VoxModels/Building/Observatory_smooth.ubulk" 1694
"C:/Users/user/Documents/Unreal Projects/TD_prototype/Content/VoxModels/Building/Observatory_smooth.uasset" 1695
"C:/Users/user/Documents/Unreal Projects/TD_prototype/Content/VoxModels/Building/Observatory_smooth.uexp" 1696
"C:/Users/user/Documents/Unreal Projects/TD_prototype/Content/Buildings/Observatory.uasset" 1697
"C:/Users/user/Documents/Unreal Projects/TD_prototype/Content/Buildings/Observatory.uexp" 1698
"C:/Users/user/Documents/Unreal Projects/TD_prototype/Content/Models/Materials/M_carapace.uasset" 1699
"C:/Users/user/Documents/Unreal Projects/TD_prototype/Content/Models/Materials/M_carapace.uexp" 1700
"C:/Users/user/Documents/Unreal Projects/TD_prototype/Content/Models/TD_TeslaHouse.ubulk" 1701
"C:/Users/user/Documents/Unreal Projects/TD_prototype/Content/Models/TD_TeslaHouse.uasset" 1702
"C:/Users/user/Documents/Unreal Projects/TD_prototype/Content/Models/TD_TeslaHouse.uexp" 1703
"C:/Users/user/Documents/Unreal Projects/TD_prototype/Content/VoxModels/Building/TeslaHouse.ubulk" 1704
"C:/Users/user/Documents/Unreal Projects/TD_prototype/Content/VoxModels/Building/TeslaHouse.uasset" 1705
"C:/Users/user/Documents/Unreal Projects/TD_prototype/Content/VoxModels/Building/TeslaHouse.uexp" 1706
"C:/Users/user/Documents/Unreal Projects/TD_prototype/Content/VoxModels/Building/TeslaHouseShade.ubulk" 1707
"C:/Users/user/Documents/Unreal Projects/TD_prototype/Content/VoxModels/Building/TeslaHouseShade.uasset" 1708
"C:/Users/user/Documents/Unreal Projects/TD_prototype/Content/VoxModels/Building/TeslaHouseShade.uexp" 1709
"C:/Users/user/Documents/Unreal Projects/TD_prototype/Content/Buildings/TeslaHouse.uasset" 1710
"C:/Users/user/Documents/Unreal Projects/TD_prototype/Content/Buildings/TeslaHouse.uexp" 1711
"C:/Users/user/Documents/Unreal Projects/TD_prototype/Content/VoxModels/Building/Volcano.ubulk" 1712
"C:/Users/user/Documents/Unreal Projects/TD_prototype/Content/VoxModels/Building/Volcano.uasset" 1713
"C:/Users/user/Documents/Unreal Projects/TD_prototype/Content/VoxModels/Building/Volcano.uexp" 1714
"C:/Users/user/Documents/Unreal Projects/TD_prototype/Content/VoxModels/Building/Volcano_smoorh.ubulk" 1715
"C:/Users/user/Documents/Unreal Projects/TD_prototype/Content/VoxModels/Building/Volcano_smoorh.uasset" 1716
"C:/Users/user/Documents/Unreal Projects/TD_prototype/Content/VoxModels/Building/Volcano_smoorh.uexp" 1717
"C:/Users/user/Documents/Unreal Projects/TD_prototype/Content/Buildings/Volcano.uasset" 1718
"C:/Users/user/Documents/Unreal Projects/TD_prototype/Content/Buildings/Volcano.uexp" 1719
"C:/Users/user/Documents/Unreal Projects/TD_prototype/Content/audio/Music_IA_TMP/musicCity_IA.ubulk" 1720
"C:/Users/user/Documents/Unreal Projects/TD_prototype/Content/audio/Music_IA_TMP/musicCity_IA.uasset" 1721
"C:/Users/user/Documents/Unreal Projects/TD_prototype/Content/audio/Music_IA_TMP/musicCity_IA.uexp" 1722
"C:/Users/user/Documents/Unreal Projects/TD_prototype/Content/audio/Music_IA_TMP/musicCity_IA_Cue.uasset" 1723
"C:/Users/user/Documents/Unreal Projects/TD_prototype/Content/audio/Music_IA_TMP/musicCity_IA_Cue.uexp" 1724
"C:/Users/user/Documents/Unreal Projects/TD_prototype/Content/UI/City/BuildButton.uasset" 1725
"C:/Users/user/Documents/Unreal Projects/TD_prototype/Content/UI/City/BuildButton.uexp" 1726
"C:/Users/user/Documents/Unreal Projects/TD_prototype/Content/UI/City/UW_BuildMenu.uasset" 1727
"C:/Users/user/Documents/Unreal Projects/TD_prototype/Content/UI/City/UW_BuildMenu.uexp" 1728
"C:/Users/user/Documents/Unreal Projects/TD_prototype/Content/UI/City/UW_souls.uasset" 1729
"C:/Users/user/Documents/Unreal Projects/TD_prototype/Content/UI/City/UW_souls.uexp" 1730
"C:/Users/user/Documents/Unreal Projects/TD_prototype/Content/UI/City/UW_city.uasset" 1731
"C:/Users/user/Documents/Unreal Projects/TD_prototype/Content/UI/City/UW_city.uexp" 1732
"C:/Users/user/Documents/Unreal Projects/TD_prototype/Content/BP_GameMode_City.uasset" 1733
"C:/Users/user/Documents/Unreal Projects/TD_prototype/Content/BP_GameMode_City.uexp" 1734
"C:/Users/user/Documents/Unreal Projects/TD_prototype/Content/audio/Music_IA_TMP/musicMenu_IA.ubulk" 1735
"C:/Users/user/Documents/Unreal Projects/TD_prototype/Content/audio/Music_IA_TMP/musicMenu_IA.uasset" 1736
"C:/Users/user/Documents/Unreal Projects/TD_prototype/Content/audio/Music_IA_TMP/musicMenu_IA.uexp" 1737
"C:/Users/user/Documents/Unreal Projects/TD_prototype/Content/BP_ControllerMenu.uasset" 1738
"C:/Users/user/Documents/Unreal Projects/TD_prototype/Content/BP_ControllerMenu.uexp" 1739
"C:/Users/user/Documents/Unreal Projects/TD_prototype/Content/Maps/City.uexp" 1740
"C:/Users/user/Documents/Unreal Projects/TD_prototype/Content/Maps/City.umap" 1741
"C:/Users/user/Documents/Unreal Projects/TD_prototype/Content/Models/texture/T_CloudNoise.ubulk" 1742
"C:/Users/user/Documents/Unreal Projects/TD_prototype/Content/Models/texture/T_CloudNoise.uasset" 1743
"C:/Users/user/Documents/Unreal Projects/TD_prototype/Content/Models/texture/T_CloudNoise.uexp" 1744
"C:/Users/user/Documents/Unreal Projects/TD_prototype/Content/Models/Materials/fog.uasset" 1745
"C:/Users/user/Documents/Unreal Projects/TD_prototype/Content/Models/Materials/fog.uexp" 1746
"../../../Engine/Content/VREditor/BasicMeshes/T_CleanFloorGrunge_01_D.ubulk" 1747
"../../../Engine/Content/VREditor/BasicMeshes/T_CleanFloorGrunge_01_D.uasset" 1748
"../../../Engine/Content/VREditor/BasicMeshes/T_CleanFloorGrunge_01_D.uexp" 1749
"../../../Engine/Content/VREditor/BasicMeshes/M_Floor_01.uasset" 1750
"../../../Engine/Content/VREditor/BasicMeshes/M_Floor_01.uexp" 1751
"../../../Engine/Content/VREditor/BasicMeshes/MI_Floor_01.uasset" 1752
"../../../Engine/Content/VREditor/BasicMeshes/MI_Floor_01.uexp" 1753
"C:/Users/user/Documents/Unreal Projects/TD_prototype/Content/Models/texture/treeColor.ubulk" 1754
"C:/Users/user/Documents/Unreal Projects/TD_prototype/Content/Models/texture/treeColor.uasset" 1755
"C:/Users/user/Documents/Unreal Projects/TD_prototype/Content/Models/texture/treeColor.uexp" 1756
"C:/Users/user/Documents/Unreal Projects/TD_prototype/Content/Models/Materials/M_tree1.uasset" 1757
"C:/Users/user/Documents/Unreal Projects/TD_prototype/Content/Models/Materials/M_tree1.uexp" 1758
"C:/Users/user/Documents/Unreal Projects/TD_prototype/Content/Models/TD_tree.ubulk" 1759
"C:/Users/user/Documents/Unreal Projects/TD_prototype/Content/Models/TD_tree.uasset" 1760
"C:/Users/user/Documents/Unreal Projects/TD_prototype/Content/Models/TD_tree.uexp" 1761
"C:/Users/user/Documents/Unreal Projects/TD_prototype/Content/image/sol_village.uasset" 1762
"C:/Users/user/Documents/Unreal Projects/TD_prototype/Content/image/sol_village.uexp" 1763
"C:/Users/user/Documents/Unreal Projects/TD_prototype/Content/Models/Materials/M_groundVillage.uasset" 1764
"C:/Users/user/Documents/Unreal Projects/TD_prototype/Content/Models/Materials/M_groundVillage.uexp" 1765
"C:/Users/user/Documents/Unreal Projects/TD_prototype/Content/Sections/BP_Section_Village.uasset" 1766
"C:/Users/user/Documents/Unreal Projects/TD_prototype/Content/Sections/BP_Section_Village.uexp" 1767
"C:/Users/user/Documents/Unreal Projects/TD_prototype/Content/Maps/genDevMap.uexp" 1768
"C:/Users/user/Documents/Unreal Projects/TD_prototype/Content/Maps/genDevMap.umap" 1769
"C:/Users/user/Documents/Unreal Projects/TD_prototype/Content/image/title2.uasset" 1770
"C:/Users/user/Documents/Unreal Projects/TD_prototype/Content/image/title2.uexp" 1771
"C:/Users/user/Documents/Unreal Projects/TD_prototype/Content/UI/MainMenu/UW_ActiveTuto.uasset" 1772
"C:/Users/user/Documents/Unreal Projects/TD_prototype/Content/UI/MainMenu/UW_ActiveTuto.uexp" 1773
"C:/Users/user/Documents/Unreal Projects/TD_prototype/Content/UI/MainMenu/UWSaveSlot.uasset" 1774
"C:/Users/user/Documents/Unreal Projects/TD_prototype/Content/UI/MainMenu/UWSaveSlot.uexp" 1775
"C:/Users/user/Documents/Unreal Projects/TD_prototype/Content/UI/MainMenu/UW_loadMenu.uasset" 1776
"C:/Users/user/Documents/Unreal Projects/TD_prototype/Content/UI/MainMenu/UW_loadMenu.uexp" 1777
"C:/Users/user/Documents/Unreal Projects/TD_prototype/Content/UI/MainMenu/UW_MainMenu.uasset" 1778
"C:/Users/user/Documents/Unreal Projects/TD_prototype/Content/UI/MainMenu/UW_MainMenu.uexp" 1779
"C:/Users/user/Documents/Unreal Projects/TD_prototype/Content/BP_GameMode_MainMenu.uasset" 1780
"C:/Users/user/Documents/Unreal Projects/TD_prototype/Content/BP_GameMode_MainMenu.uexp" 1781
"C:/Users/user/Documents/Unreal Projects/TD_prototype/Content/Maps/MainMenu.uexp" 1782
"C:/Users/user/Documents/Unreal Projects/TD_prototype/Content/Maps/MainMenu.umap" 1783
"../../../Engine/Content/Maps/Entry_BuiltData.uasset" 1784
"../../../Engine/Content/Maps/Entry_BuiltData.uexp" 1785
"../../../Engine/Content/Maps/Entry.uexp" 1786
"../../../Engine/Content/Maps/Entry.umap" 1787
